split,gauge_id,gauge_name,state,camelsh_huc02,lat_gage,lng_gage,area,forcing_archive,forcing_member,hourly2_member,train_valid_target_count,train_expected_hours,train_coverage_fraction,validation_valid_target_count,validation_expected_hours,validation_coverage_fraction,test_valid_target_count,test_expected_hours,test_coverage_fraction,FLOW_PCT_EST_VALUES,BASIN_BOUNDARY_CONFIDENCE,sampling_seed,stratum_source_count,stratum_selected_count,slope,aridity,snow_fraction,soil_depth,permeability,forest_fraction,baseflow_index
train,01054000,"Androscoggin River near Gorham, NH",NH,01,44.43579167,-71.19017778,3527.626,timeseries_nonobs,Data/CAMELSH/timeseries_nonobs/01054000.nc,Hourly2/01054000_hourly.nc,89107,96432,0.9240397378463581,22653,26304,0.8611998175182481,21554,26304,0.819419099756691,0.57,10,20261520.0,136.0,13.0,11.19907,0.934695648583789,0.230500149989795,49.58461,2.975124,0.7984644,47.56914
train,01054500,"Androscoggin River at Rumford, Maine",ME,01,44.55181389,-70.54406667,5349.329,timeseries_nonobs,Data/CAMELSH/timeseries_nonobs/01054500.nc,Hourly2/01054500_hourly.nc,95700,96432,0.9924091587854654,26303,26304,0.9999619829683698,26211,26304,0.9964644160583942,0.21,10,20261520.0,136.0,13.0,13.42021,0.920100648043808,0.228509713775058,50.37807,3.635653,0.8232205,47.59273
train,01072800,"COCHECO RIVER NEAR ROCHESTER, NH.",NH,01,43.268415,-70.973674,243.9549,timeseries,Data/CAMELSH/timeseries/01072800.nc,Hourly2/01072800_hourly.nc,81362,96432,0.843724074995852,23859,26304,0.9070483576642335,22491,26304,0.8550410583941606,14.3,7,20261520.0,136.0,13.0,4.917732,1.00861170287574,0.118622485743953,52.0069,5.412101,0.6717270000000001,53.27757
train,01073587,"EXETER RIVER AT HAIGH ROAD, NEAR BRENTWOOD, NH",NH,01,42.984532,-71.038392,163.053,timeseries,Data/CAMELSH/timeseries/01073587.nc,Hourly2/01073587_hourly.nc,80122,96432,0.8308652729384437,23856,26304,0.906934306569343,22413,26304,0.8520757299270073,14.59,9,20261520.0,136.0,13.0,3.523996,1.11255127168517,0.0957258846492443,53.45191,7.281007,0.62784678,48.18604
train,01100600,"SHAWSHEEN RIVER NEAR WILMINGTON, MA",MA,01,42.5681488,-71.2147792,96.4215,timeseries,Data/CAMELSH/timeseries/01100600.nc,Hourly2/01100600_hourly.nc,91666,96432,0.9505765720922515,25125,26304,0.9551779197080292,23948,26304,0.9104318734793188,3.94,8,20261520.0,136.0,13.0,2.643687,1.16611610290095,0.0850865080961761,55.95981,7.661665,0.20914736099999998,56.41058
train,01105933,"PASKAMANSET RIVER NEAR SOUTH DARTMOUTH, MA",MA,01,41.585382,-70.990317,68.0985,timeseries_nonobs,Data/CAMELSH/timeseries_nonobs/01105933.nc,Hourly2/01105933_hourly.nc,92869,96432,0.9630516840882695,25445,26304,0.9673433698296837,25245,26304,0.9597399635036497,4.09,10,20261520.0,136.0,13.0,1.626193,1.12356291941245,0.0594970244521735,53.65654,4.727742,0.41597833,56.66298
train,01121000,"MOUNT HOPE RIVER NEAR WARRENVILLE, CT.",CT,01,41.84370889,-72.1689661,70.25372,timeseries,Data/CAMELSH/timeseries/01121000.nc,Hourly2/01121000_hourly.nc,82337,96432,0.8538348266135722,24196,26304,0.919860097323601,22867,26304,0.8693354622871047,4.73,8,20261520.0,136.0,13.0,6.037301,1.08132534116089,0.092349586919708,53.89714,4.147134,0.7508102200000001,49.19473
train,01124000,"QUINEBAUG RIVER AT QUINEBAUG, CT.",CT,01,42.02231889,-71.95562889,392.0004,timeseries_nonobs,Data/CAMELSH/timeseries_nonobs/01124000.nc,Hourly2/01124000_hourly.nc,85737,96432,0.8890928322548531,24334,26304,0.9251064476885644,23197,26304,0.8818810827250608,3.11,9,20261520.0,136.0,13.0,6.74521,1.06656925734387,0.0908384001817123,52.85704,3.660662,0.6903607599999999,52.93047
train,01160350,"ASHUELOT RIVER AT WEST SWANZEY, NH",NH,01,42.871193,-72.327864,818.0181,timeseries,Data/CAMELSH/timeseries/01160350.nc,Hourly2/01160350_hourly.nc,88482,96432,0.9175584868093579,23849,26304,0.9066681873479319,22983,26304,0.8737454379562044,11.25,10,20261520.0,136.0,13.0,9.604571,1.03935746202609,0.152897469021119,53.15253,4.133275,0.821739,44.9105
train,01161000,"ASHUELOT RIVER AT HINSDALE, NH",NH,01,42.7859158,-72.4861997,1089.694,timeseries,Data/CAMELSH/timeseries/01161000.nc,Hourly2/01161000_hourly.nc,80958,96432,0.8395345943255351,23353,26304,0.8878117396593674,22179,26304,0.8431797445255474,3.8,10,20261520.0,136.0,13.0,9.790375,1.04267984883736,0.147587462239448,53.08913,4.224917,0.8303659,45.48894
train,01166500,"MILLERS RIVER AT ERVING, MA",MA,01,42.5975861,-72.4381422,965.4553,timeseries,Data/CAMELSH/timeseries/01166500.nc,Hourly2/01166500_hourly.nc,85504,96432,0.8866766218682595,23686,26304,0.9004714111922141,22274,26304,0.8467913625304136,2.9,10,20261520.0,136.0,13.0,6.265597,1.04145199096311,0.12907186339388,55.59723,5.043206,0.7356385,48.55278
train,01184100,"STONY BROOK NEAR WEST SUFFIELD, CT.",CT,01,41.9606522,-72.7103706,24.64571,timeseries,Data/CAMELSH/timeseries/01184100.nc,Hourly2/01184100_hourly.nc,85910,96432,0.8908868425418948,24843,26304,0.9444571167883211,23476,26304,0.8924878345498783,9.24,7,20261520.0,136.0,13.0,4.604953,1.08029685506709,0.0643671080606332,56.32278,5.598965,0.470478703,48.9132
train,01325000,SACANDAGA RIVER AT STEWARTS BRIDGE NR HADLEY NY,NY,02,43.31146005,-73.86734559,2776.659,timeseries_nonobs,Data/CAMELSH/timeseries_nonobs/01325000.nc,Hourly2/01325000_hourly.nc,95148,96432,0.9866849178695869,26278,26304,0.9990115571776156,26227,26304,0.9970726885644768,0.12,10,20261521.0,276.0,26.0,11.85895,0.917977331726321,0.214120250933565,45.61367,3.067015,0.7903453,46.69113
train,01349810,WEST KILL NEAR WEST KILL NY,NY,02,42.230365,-74.392926,73.656,timeseries_nonobs,Data/CAMELSH/timeseries_nonobs/01349810.nc,Hourly2/01349810_hourly.nc,82281,96432,0.853254106520657,24211,26304,0.9204303527980535,22600,26304,0.8591849148418491,13.69,8,20261521.0,276.0,26.0,26.67839,0.880150862915347,0.188003365061983,38.0243,1.411317,0.95640273,43.17808
train,01389500,PASSAIC RIVER AT LITTLE FALLS NJ,NJ,02,40.8847222,-74.2261111,1981.95,timeseries_nonobs,Data/CAMELSH/timeseries_nonobs/01389500.nc,Hourly2/01389500_hourly.nc,95600,96432,0.9913721586195454,26063,26304,0.990837895377129,26061,26304,0.9907618613138686,0.12,10,20261521.0,276.0,26.0,7.418144,1.14034485176262,0.0606885142483863,48.63212,3.356264,0.49238633299999995,43.9323
train,01396190,South Branch Raritan River at Four Bridges NJ,NJ,02,40.806111,-74.740556,79.9956,timeseries,Data/CAMELSH/timeseries/01396190.nc,Hourly2/01396190_hourly.nc,93563,96432,0.9702484652397544,15050,26304,0.5721563260340633,0,26304,0.0,3.35,9,20261521.0,276.0,26.0,6.12183,1.0724669372074,0.0713717230549478,52.51645,3.97164,0.4597340399,57.97655
train,01491500,"TUCKAHOE CREEK NEAR RUTHSBURG, MD",MD,02,38.966806,-75.943056,223.0254,timeseries,Data/CAMELSH/timeseries/01491500.nc,Hourly2/01491500_hourly.nc,87810,96432,0.9105898456943753,25534,26304,0.9707268856447688,25224,26304,0.958941605839416,0.94,9,20261521.0,276.0,26.0,0.1075288,1.41996290665675,0.0310896296377219,60.0,4.433796,0.133031467,53.95818
train,01533400,"Susquehanna River at Meshoppen, PA",PA,02,41.60729826,-76.05020313,22604.17,timeseries_nonobs,Data/CAMELSH/timeseries_nonobs/01533400.nc,Hourly2/01533400_hourly.nc,79360,96432,0.822963331674133,25070,26304,0.9530869829683698,23245,26304,0.883705900243309,5.88,9,20261521.0,276.0,26.0,10.72814,1.19308462736357,0.141089068117511,49.47029,1.90045,0.58477732,41.01992
train,01541303,"West Branch Susquehanna River at Hyde, PA",PA,02,41.00450158,-78.45668863,1242.98,timeseries_nonobs,Data/CAMELSH/timeseries_nonobs/01541303.nc,Hourly2/01541303_hourly.nc,78255,96432,0.8115044798407167,24923,26304,0.9474984793187348,22943,26304,0.8722247566909975,6.85,10,20261521.0,276.0,26.0,10.64152,1.20805273460429,0.108061764942712,44.19118,2.992581,0.7274896200000001,42.03122
train,01560000,"Dunning Creek at Belden, PA",PA,02,40.07174679,-78.49251725,444.6405,timeseries_nonobs,Data/CAMELSH/timeseries_nonobs/01560000.nc,Hourly2/01560000_hourly.nc,88567,96432,0.91843993695039,25144,26304,0.9559002433090025,23253,26304,0.8840100364963503,2.66,10,20261521.0,276.0,26.0,12.48708,1.41951682037652,0.103283473343865,39.90523,3.3689,0.652900037,41.01278
train,01565000,"Kishacoquillas Creek at Reedsville, PA",PA,02,40.65479256,-77.58304992,421.7841,timeseries_nonobs,Data/CAMELSH/timeseries_nonobs/01565000.nc,Hourly2/01565000_hourly.nc,78921,96432,0.8184109009457442,26040,26304,0.989963503649635,25355,26304,0.9639218369829684,0.59,10,20261521.0,276.0,26.0,14.65936,1.29565143065018,0.0890208223455743,51.8519,4.887308,0.62244663,54.79365
train,01569800,"Letort Spring Run near Carlisle, PA",PA,02,40.23481018,-77.13942443,59.5728,timeseries_nonobs,Data/CAMELSH/timeseries_nonobs/01569800.nc,Hourly2/01569800_hourly.nc,83678,96432,0.8677409988385598,0,26304,0.0,0,26304,0.0,0.37,7,20261521.0,276.0,26.0,1.640397,1.31089717757001,0.069546917335693,69.29819,1.382331,0.08599226099999999,54.82956
train,01581960,"BEETREE RUN AT BENTLEY SPRINGS, MD",MD,02,39.673083,-76.675194,25.4979,timeseries_nonobs,Data/CAMELSH/timeseries_nonobs/01581960.nc,Hourly2/01581960_hourly.nc,88403,96432,0.916739256678281,24896,26304,0.9464720194647201,23845,26304,0.9065161192214112,6.1,10,20261521.0,276.0,26.0,6.300707,1.31797779918208,0.072879842429638,58.52736,1.743019,0.38784375,63.54375
train,01589100,"EAST BRANCH HERBERT RUN AT ARBUTUS, MD",MD,02,39.24,-76.69219444,6.426,timeseries,Data/CAMELSH/timeseries/01589100.nc,Hourly2/01589100_hourly.nc,84864,96432,0.8800398208063713,25704,26304,0.9771897810218978,25392,26304,0.9653284671532847,5.05,10,20261521.0,276.0,26.0,3.502326,1.38502524465204,0.0530600666321792,55.4822,2.259235,0.081792715,44.13908
train,01597500,"SAVAGE RIV BL SAVAGE RIV DAM NEAR BLOOMINGTON, MD",MD,02,39.50275,-79.12397222,276.0048,timeseries_nonobs,Data/CAMELSH/timeseries_nonobs/01597500.nc,Hourly2/01597500_hourly.nc,96096,96432,0.9965156794425087,26296,26304,0.9996958637469586,25645,26304,0.9749467761557178,0.06,10,20261521.0,276.0,26.0,18.94096,1.33880850171758,0.120072747427816,39.51947,6.546845,0.8529602,40.69623
train,01598500,"NORTH BRANCH POTOMAC RIVER AT LUKE, MD",MD,02,39.47919444,-79.065,1049.92,timeseries_nonobs,Data/CAMELSH/timeseries_nonobs/01598500.nc,Hourly2/01598500_hourly.nc,95886,96432,0.9943379790940766,26193,26304,0.995780109489051,25928,26304,0.985705596107056,0.07,9,20261521.0,276.0,26.0,13.9554,1.27341116401467,0.119941022198068,38.64442,5.400344,0.8052475099999999,40.54356
train,01603000,"NORTH BRANCH POTOMAC RIVER NEAR CUMBERLAND, MD",MD,02,39.62180556,-78.77341667,2267.205,timeseries,Data/CAMELSH/timeseries/01603000.nc,Hourly2/01603000_hourly.nc,93789,96432,0.9725920856147336,25799,26304,0.980801399026764,25126,26304,0.9552159367396593,1.05,10,20261521.0,276.0,26.0,16.05322,1.36092083134559,0.101605468467877,38.86525,5.062017,0.8039277199999999,40.05365
train,01620500,"NORTH RIVER NEAR STOKESVILLE, VA",VA,02,38.33762566,-79.24003625,44.74026,timeseries,Data/CAMELSH/timeseries/01620500.nc,Hourly2/01620500_hourly.nc,86980,96432,0.9019827443172391,25732,26304,0.9782542579075426,24986,26304,0.9498935523114356,7.21,10,20261521.0,276.0,26.0,25.78824,1.59653848022249,0.0899271841742679,41.27795,5.12541,0.9768498999999999,45.3368
train,01638420,"N F CATOCTIN CREEK AT RT 681 NEAR WATERFORD, VA",VA,02,39.205,-77.623889,60.075,timeseries,Data/CAMELSH/timeseries/01638420.nc,Hourly2/01638420_hourly.nc,78400,96432,0.8130081300813008,26016,26304,0.9890510948905109,24071,26304,0.9151079683698297,5.27,10,20261521.0,276.0,26.0,7.442647,1.41079377297794,0.0573009504995701,55.14233,3.087085,0.41884640900000003,52.42061
train,01651000,"NW BRANCH ANACOSTIA RIVER NEAR HYATTSVILLE, MD",MD,02,38.95233333,-76.96605556,127.8054,timeseries,Data/CAMELSH/timeseries/01651000.nc,Hourly2/01651000_hourly.nc,92276,96432,0.9569022731043637,26011,26304,0.9888610097323601,24456,26304,0.9297445255474452,2.53,10,20261521.0,276.0,26.0,3.701776,1.53753137767706,0.0456058102197027,58.72532,2.330925,0.23310985599999998,46.91402
train,01658000,"MATTAWOMAN CREEK NEAR POMONKEY, MD",MD,02,38.59613889,-77.05602778,143.748,timeseries,Data/CAMELSH/timeseries/01658000.nc,Hourly2/01658000_hourly.nc,85579,96432,0.8874543719926995,25821,26304,0.9816377737226277,25440,26304,0.9671532846715328,0.48,10,20261521.0,276.0,26.0,1.404424,1.22627492651448,0.0309952499838496,57.9206,3.877014,0.46845735,39.84548
train,01660920,"ZEKIAH SWAMP RUN NEAR NEWTOWN, MD",MD,02,38.49058333,-76.92708333,208.5102,timeseries,Data/CAMELSH/timeseries/01660920.nc,Hourly2/01660920_hourly.nc,80040,96432,0.8300149328023892,25747,26304,0.9788245133819952,23688,26304,0.9005474452554745,10.33,10,20261521.0,276.0,26.0,1.734475,1.36451295383076,0.0312719289548994,58.08905,3.972577,0.50781686,44.18162
train,01661050,"ST CLEMENT CREEK NEAR CLEMENTS, MD",MD,02,38.33330556,-76.725,47.85433,timeseries,Data/CAMELSH/timeseries/01661050.nc,Hourly2/01661050_hourly.nc,82619,96432,0.8567591670814667,25850,26304,0.9827402676399026,25237,26304,0.9594358272506083,3.23,10,20261521.0,276.0,26.0,2.38394,1.18894158239668,0.0195034553644551,57.97538,3.93788,0.51487799,48.31191
train,01669000,"PISCATAWAY CREEK NEAR TAPPAHANNOCK, VA",VA,02,37.87708193,-76.90052102,71.84071,timeseries,Data/CAMELSH/timeseries/01669000.nc,Hourly2/01669000_hourly.nc,87624,96432,0.9086610253857641,25607,26304,0.9735021289537713,22605,26304,0.859375,2.88,9,20261521.0,276.0,26.0,2.886025,1.51843629316727,0.0233225170260023,60.0,5.1665,0.5873244400000001,51.71715
train,02017500,"JOHNS CREEK AT NEW CASTLE, VA",VA,02,37.50623973,-80.10671504,276.1497,timeseries,Data/CAMELSH/timeseries/02017500.nc,Hourly2/02017500_hourly.nc,89429,96432,0.9273788783806205,25699,26304,0.9769996958637469,25198,26304,0.9579531630170316,1.78,10,20261521.0,276.0,26.0,17.25391,1.52396922721661,0.0617939586762282,39.76696,5.444149,0.9183659900000001,48.06064
train,02029000,"JAMES RIVER AT SCOTTSVILLE, VA",VA,02,37.79736513,-78.49139804,11875.81,timeseries,Data/CAMELSH/timeseries/02029000.nc,Hourly2/02029000_hourly.nc,94859,96432,0.983687987390078,25414,26304,0.9661648418491484,24908,26304,0.9469282238442822,0.29,10,20261521.0,276.0,26.0,16.22672,1.49409378658356,0.0520507906279705,43.41005,3.856571,0.79046914,46.71775
train,02032640,"N F RIVANNA RIVER NEAR EARLYSVILLE, VA",VA,02,38.163467,-78.424732,280.2519,timeseries,Data/CAMELSH/timeseries/02032640.nc,Hourly2/02032640_hourly.nc,85232,96432,0.883855981416957,24523,26304,0.9322916666666666,23589,26304,0.8967837591240876,7.14,10,20261521.0,276.0,26.0,13.71604,1.50211545031231,0.0471097794362168,50.99638,2.68711,0.6825277900000001,43.69891
train,02047500,"BLACKWATER RIVER NEAR DENDRON, VA",VA,03,37.02514993,-76.87468243,743.7955,timeseries,Data/CAMELSH/timeseries/02047500.nc,Hourly2/02047500_hourly.nc,95468,96432,0.9900033184005309,26207,26304,0.9963123479318735,25463,26304,0.9680276763990268,0.63,9,20261522.0,231.0,22.0,1.384972,1.46879377212441,0.0222214779178126,60.0,3.65116,0.45919995999999996,45.12908
train,02053200,"POTECASI CREEK NEAR UNION, NC",NC,03,36.37083333,-77.02555556,583.6599,timeseries_nonobs,Data/CAMELSH/timeseries_nonobs/02053200.nc,Hourly2/02053200_hourly.nc,93711,96432,0.971783225485316,25333,26304,0.9630854622871047,25251,26304,0.9599680656934306,1.39,9,20261522.0,231.0,22.0,0.3765869,1.43968656869232,0.0143578808789628,59.64186,6.936138,0.32777089,34.27021
train,02054500,"ROANOKE RIVER AT LAFAYETTE, VA",VA,03,37.23652179,-80.20920888,661.3497,timeseries,Data/CAMELSH/timeseries/02054500.nc,Hourly2/02054500_hourly.nc,94141,96432,0.9762423261987722,25989,26304,0.9880246350364964,26087,26304,0.9917503041362531,1.21,9,20261522.0,231.0,22.0,17.91994,1.50493132306919,0.0512332115046154,42.76954,2.002383,0.77545643,50.85749
train,02055100,"TINKER CREEK NEAR DALEVILLE, VA",VA,03,37.41763318,-79.93531928,30.5352,timeseries_nonobs,Data/CAMELSH/timeseries_nonobs/02055100.nc,Hourly2/02055100_hourly.nc,93654,96432,0.9711921353907417,26208,26304,0.9963503649635036,25989,26304,0.9880246350364964,1.5,10,20261522.0,231.0,22.0,8.2286,1.44913513212745,0.0448687379199977,42.24107,1.341397,0.35413231,49.60192
train,02061500,"BIG OTTER RIVER NEAR EVINGTON, VA",VA,03,37.20847738,-79.30363572,815.2614,timeseries,Data/CAMELSH/timeseries/02061500.nc,Hourly2/02061500_hourly.nc,90540,96432,0.9388999502239921,25847,26304,0.9826262165450121,24741,26304,0.9405793795620438,2.55,10,20261522.0,231.0,22.0,9.309398,1.42554433344977,0.0418925303220576,57.30846,2.059132,0.56579928,53.49326
train,02062500,"ROANOKE (STAUNTON) RIVER AT BROOKNEAL, VA",VA,03,37.04125242,-78.95029142,6229.019,timeseries,Data/CAMELSH/timeseries/02062500.nc,Hourly2/02062500_hourly.nc,91192,96432,0.9456611913057906,22985,26304,0.8738214720194647,26256,26304,0.9981751824817519,0.74,10,20261522.0,231.0,22.0,9.991193,1.45434902158677,0.0405132898440392,53.1177,2.11781,0.6251639099999999,53.31227
train,02084160,"CHICOD CR AT SR1760 NEAR SIMPSON, NC",NC,03,35.56166667,-77.23083333,109.0404,timeseries_nonobs,Data/CAMELSH/timeseries_nonobs/02084160.nc,Hourly2/02084160_hourly.nc,77440,96432,0.8030529284884685,26115,26304,0.9928147810218978,25998,26304,0.9883667883211679,3.37,7,20261522.0,231.0,22.0,0.0994774,1.3933016297927,0.0091146983830292,60.0,5.93952,0.19515882,35.80359
train,02111500,"REDDIES RIVER AT NORTH WILKESBORO, NC",NC,03,36.175,-81.16888889,233.6607,timeseries_nonobs,Data/CAMELSH/timeseries_nonobs/02111500.nc,Hourly2/02111500_hourly.nc,91922,96432,0.9532312925170068,26016,26304,0.9890510948905109,25542,26304,0.9710310218978102,2.28,10,20261522.0,231.0,22.0,18.27216,1.18164637418445,0.0169311768634991,51.34471,2.471671,0.8193996699999999,64.29647
train,0214657975,"IRVINS CREEK AT SR3168 NR CHARLOTTE, NC",NC,03,35.15861,-80.71333,21.7917,timeseries,Data/CAMELSH/timeseries/0214657975.nc,Hourly2/0214657975_hourly.nc,93238,96432,0.9668782147005144,24888,26304,0.9461678832116789,26207,26304,0.9963123479318735,2.45901639344262,10,20261522.0,231.0,22.0,2.484138,1.58268305735049,0.0167513051813382,58.15,1.4405,0.31008135,28.14215
train,02208150,"ALCOVY RIVER AT NEW HOPE ROAD, NEAR GRAYSON, GA",GA,03,33.917607,-83.887958,79.46941,timeseries,Data/CAMELSH/timeseries/02208150.nc,Hourly2/02208150_hourly.nc,80380,96432,0.8335407333665174,25348,26304,0.9636557177615572,25232,26304,0.9592457420924574,6.2,10,20261522.0,231.0,22.0,4.426467,1.38533951706399,0.0098576920368693,58.3726,1.736101,0.30417297600000004,53.88121
train,02315500,"SUWANNEE RIVER AT WHITE SPRINGS, FLA.",FL,03,30.32578122,-82.73818263,6136.255,timeseries_nonobs,Data/CAMELSH/timeseries_nonobs/02315500.nc,Hourly2/02315500_hourly.nc,84593,96432,0.877229550356728,26241,26304,0.9976049270072993,25991,26304,0.9881006690997567,1.37,7,20261522.0,231.0,22.0,0.1116618,1.58202938257396,0.0001802728406944,59.97688,7.586476,0.30482640369999997,35.20358
train,02327100,"SOPCHOPPY RIVER NR SOPCHOPPY, FLA.",FL,03,30.12936856,-84.49434823,271.1182,timeseries_nonobs,Data/CAMELSH/timeseries_nonobs/02327100.nc,Hourly2/02327100_hourly.nc,83195,96432,0.8627322880371661,24558,26304,0.9336222627737226,25214,26304,0.9585614355231143,1.97,9,20261522.0,231.0,22.0,0.7536147,1.27208626199292,0.0001219060308221,59.99132,9.468787,0.32189131959999995,46.08482
train,02361000,"CHOCTAWHATCHEE RIVER NEAR NEWTON, AL.",AL,03,31.34294923,-85.61049115,1781.611,timeseries_nonobs,Data/CAMELSH/timeseries_nonobs/02361000.nc,Hourly2/02361000_hourly.nc,94597,96432,0.9809710469553675,25374,26304,0.9646441605839416,25820,26304,0.9815997566909975,1.19,8,20261522.0,231.0,22.0,3.842569,1.485141527524,0.0012900988500366,60.0,4.513454,0.48865563,48.7198
train,02362240,"LITTLE DOUBLE BRIDGES CREEK NR ENTERPRISE, AL.",AL,03,31.27239318,-85.9582737,55.2006,timeseries_nonobs,Data/CAMELSH/timeseries_nonobs/02362240.nc,Hourly2/02362240_hourly.nc,85208,96432,0.8836071013771363,25534,26304,0.9707268856447688,26010,26304,0.9888229927007299,0.99,10,20261522.0,231.0,22.0,3.419594,1.36501506784035,0.0011495253483095,60.0,3.243165,0.42863660000000003,46.55144
train,02369800,BLACKWATER RIVER NEAR BRADLEY AL,AL,03,31.02767985,-86.70995668,227.5129,timeseries_nonobs,Data/CAMELSH/timeseries_nonobs/02369800.nc,Hourly2/02369800_hourly.nc,95921,96432,0.9947009291521487,25725,26304,0.9779881386861314,25648,26304,0.9750608272506083,0.22,10,20261522.0,231.0,22.0,2.12433,1.24793183609564,0.0005377711220541,60.0,3.503127,0.78627596,54.41758
train,02388500,"OOSTANAULA RIVER NEAR ROME, GA",GA,03,34.29842576,-85.13800507,5481.973,timeseries_nonobs,Data/CAMELSH/timeseries_nonobs/02388500.nc,Hourly2/02388500_hourly.nc,77153,96432,0.8000767380122781,25055,26304,0.9525167274939172,25720,26304,0.9777980535279805,1.52,10,20261522.0,231.0,22.0,9.151234,1.23072006226505,0.0073489997407297,44.75819,1.794892,0.66923902,52.39988
train,02397000,"COOSA RIVER NEAR ROME, GA",GA,03,34.20037286,-85.25661961,10460.54,timeseries_nonobs,Data/CAMELSH/timeseries_nonobs/02397000.nc,Hourly2/02397000_hourly.nc,92469,96432,0.9589036834245893,25727,26304,0.9780641727493917,25793,26304,0.980573296836983,0.4,10,20261522.0,231.0,22.0,7.996243,1.24715118792599,0.0070402555226448,47.41778,1.87122,0.64085378,53.78213
train,02401000,BIG WILLS CREEK NEAR REECE CITY,AL,03,34.09815153,-86.03802865,473.5224,timeseries,Data/CAMELSH/timeseries/02401000.nc,Hourly2/02401000_hourly.nc,94353,96432,0.9784407665505227,26207,26304,0.9963123479318735,26297,26304,0.9997338807785888,0.72,9,20261522.0,231.0,22.0,9.627819,1.31136798608228,0.0084175838237009,52.36581,2.059948,0.5789473199999999,39.04793
train,02423380,CAHABA RIVER NEAR MOUNTAIN BROOK AL,AL,03,33.48177242,-86.71276528,363.1473,timeseries,Data/CAMELSH/timeseries/02423380.nc,Hourly2/02423380_hourly.nc,93793,96432,0.9726335656213705,26000,26304,0.9884428223844283,26292,26304,0.9995437956204379,1.39,10,20261522.0,231.0,22.0,8.102164,1.26340772092619,0.0057200989388628,40.02435,1.725482,0.62221038,38.47146
train,02423397,"LITTLE CAHABA RIVER BELOW LEEDS, AL.",AL,03,33.534549,-86.562485,43.94812,timeseries,Data/CAMELSH/timeseries/02423397.nc,Hourly2/02423397_hourly.nc,79048,96432,0.8197278911564626,26208,26304,0.9963503649635036,25894,26304,0.9844130170316302,2.43,9,20261522.0,231.0,22.0,5.112096,1.26706811923356,0.004791916390618,47.25728,1.482919,0.38695338,37.47032
train,02430880,"CUMMINGS CREEK NR FULTON, MS",MS,03,34.30444444,-88.37111111,47.6676,timeseries_nonobs,Data/CAMELSH/timeseries_nonobs/02430880.nc,Hourly2/02430880_hourly.nc,81856,96432,0.8488468558154969,25564,26304,0.9718673965936739,25343,26304,0.9634656326034063,10.26,9,20261522.0,231.0,22.0,4.900546,1.25288759488909,0.0087589557452422,60.0,2.364,0.7246809000000001,46.40735
train,02479560,ESCATAWPA RIVER NEAR AGRICOLA MS,MS,03,30.80907749,-88.45862738,1454.328,timeseries,Data/CAMELSH/timeseries/02479560.nc,Hourly2/02479560_hourly.nc,95130,96432,0.9864982578397212,26279,26304,0.9990495742092458,26301,26304,0.9998859489051095,1.58,9,20261522.0,231.0,22.0,2.47464,1.23222174519376,0.0007935708897568,60.0,3.019667,0.52602103,38.44076
train,03020500,"Oil Creek at Rouseville, PA",PA,05,41.4817261,-79.69533043,730.5574,timeseries_nonobs,Data/CAMELSH/timeseries_nonobs/03020500.nc,Hourly2/03020500_hourly.nc,83432,96432,0.8651899784303966,23064,26304,0.8768248175182481,21987,26304,0.8358804744525548,3.18,9,20261524.0,272.0,26.0,6.425108,1.19741028885902,0.115491724294454,57.14811,1.69021,0.64600924,39.35051
train,03021350,"French Creek near Wattsburg, PA",PA,05,42.01533201,-79.78255074,239.6691,timeseries,Data/CAMELSH/timeseries/03021350.nc,Hourly2/03021350_hourly.nc,82079,96432,0.8511593661854986,24641,26304,0.9367776763990268,21573,26304,0.8201414233576643,7.63,9,20261524.0,272.0,26.0,4.870461,1.16616668269054,0.146313113347784,56.95689,2.045517,0.44792883000000006,38.19676
train,03052000,"MIDDLE FORK RIVER AT AUDRA, WV",WV,05,39.03954454,-80.0681352,386.9613,timeseries,Data/CAMELSH/timeseries/03052000.nc,Hourly2/03052000_hourly.nc,93346,96432,0.967998174879708,25413,26304,0.9661268248175182,24880,26304,0.9458637469586375,1.7,10,20261524.0,272.0,26.0,17.47383,1.07629107023595,0.0830606956765207,36.63304,4.826044,0.91987578,30.01755
train,03054500,"TYGART VALLEY RIVER AT PHILIPPI, WV",WV,05,39.15037545,-80.03869104,2360.572,timeseries,Data/CAMELSH/timeseries/03054500.nc,Hourly2/03054500_hourly.nc,93986,96432,0.9746349759415962,25823,26304,0.9817138077858881,25319,26304,0.9625532238442822,1.27,10,20261524.0,272.0,26.0,16.59869,1.0900029623476,0.082659118292817,37.23144,3.394083,0.830723184,31.03356
train,03069870,"CHEAT RIVER AT HWY 50 NEAR ROWLESBURG, WV",WV,05,39.319822,-79.656727,2350.885,timeseries,Data/CAMELSH/timeseries/03069870.nc,Hourly2/03069870_hourly.nc,87562,96432,0.9080180852828936,0,26304,0.0,0,26304,0.0,8.69,10,20261524.0,272.0,26.0,19.66449,1.09533223384756,0.118175216767796,38.46226,3.971858,0.89531548,36.146
train,03072000,"Dunkard Creek at Shannopin, PA",PA,05,39.75924493,-79.9706152,588.3783,timeseries,Data/CAMELSH/timeseries/03072000.nc,Hourly2/03072000_hourly.nc,84759,96432,0.8789509706321553,24439,26304,0.9290982360097324,23312,26304,0.8862530413625304,2.62,10,20261524.0,272.0,26.0,18.08525,1.32588086844796,0.063270964827592,41.93758,1.719198,0.8177719141,31.15982
train,03076500,"YOUGHIOGHENY RIVER AT FRIENDSVILLE, MD",MD,05,39.65361111,-79.40830556,761.7645,timeseries_nonobs,Data/CAMELSH/timeseries_nonobs/03076500.nc,Hourly2/03076500_hourly.nc,90347,96432,0.9368985399037664,25843,26304,0.9824741484184915,25052,26304,0.9524026763990268,1.07,9,20261524.0,272.0,26.0,9.313375,1.12711729558718,0.110681873178217,39.25093,4.817142,0.6826448700000001,39.35695
train,03079000,"Casselman River at Markleton, PA",PA,05,39.85979992,-79.22753116,990.8361,timeseries_nonobs,Data/CAMELSH/timeseries_nonobs/03079000.nc,Hourly2/03079000_hourly.nc,87061,96432,0.9028227144516343,24574,26304,0.9342305352798054,22900,26304,0.8705900243309003,2.02,10,20261524.0,272.0,26.0,8.491729,1.28083022882308,0.121643770083096,40.97733,3.278253,0.5781108979999999,39.27636
train,03118000,Middle Branch Nimishillen Creek at Canton OH,OH,05,40.84144709,-81.35372287,116.2062,timeseries,Data/CAMELSH/timeseries/03118000.nc,Hourly2/03118000_hourly.nc,89223,96432,0.9252426580388253,24309,26304,0.9241560218978102,22870,26304,0.8694495133819952,2.95,8,20261524.0,272.0,26.0,1.5854,1.39341646541065,0.0915514480633535,57.94238,1.978838,0.11765205699999999,42.39497
train,03189100,"GAULEY RIVER NEAR CRAIGSVILLE, WV",WV,05,38.29094494,-80.64092421,1369.11,timeseries,Data/CAMELSH/timeseries/03189100.nc,Hourly2/03189100_hourly.nc,94396,96432,0.9788866766218682,25749,26304,0.9789005474452555,25770,26304,0.9796989051094891,1.49,10,20261524.0,272.0,26.0,20.67475,1.06186912929727,0.0902927567023318,37.8931,3.789346,0.9321938799999999,34.25573
train,03201405,"HURRICANE CREEK AT HURRICANE, WV",WV,05,38.445367,-82.006803,72.6048,timeseries,Data/CAMELSH/timeseries/03201405.nc,Hourly2/03201405_hourly.nc,91706,96432,0.9509913721586195,26011,26304,0.9888610097323601,25063,26304,0.9528208637469586,3.96,8,20261524.0,272.0,26.0,10.89792,1.44231160481272,0.0345877739011658,42.43883,0.8540415,0.69819759,30.38653
train,03202400,"GUYANDOTTE RIVER NEAR BAILEYSVILLE, WV",WV,05,37.60400034,-81.64510961,792.7677,timeseries,Data/CAMELSH/timeseries/03202400.nc,Hourly2/03202400_hourly.nc,95076,96432,0.9859382777501244,26275,26304,0.9988975060827251,25582,26304,0.972551703163017,0.74,10,20261524.0,272.0,26.0,23.58013,1.39979228077611,0.0495910187904576,42.11729,3.120615,0.85391433,42.79132
train,03212980,"DRY FORK AT BEARTOWN, W. VA.",WV,05,37.39539,-81.802614,542.3211,timeseries,Data/CAMELSH/timeseries/03212980.nc,Hourly2/03212980_hourly.nc,92188,96432,0.9559897129583541,26276,26304,0.9989355231143552,25817,26304,0.981485705596107,2.7,10,20261524.0,272.0,26.0,27.59617,1.45458579531325,0.0400420533885641,43.28981,2.641247,0.87835944,45.53089
train,03228300,Big Walnut Creek at Sunbury OH,OH,05,40.236174,-82.851289,262.8486,timeseries,Data/CAMELSH/timeseries/03228300.nc,Hourly2/03228300_hourly.nc,81105,96432,0.8410589845694375,22024,26304,0.837287104622871,22671,26304,0.8618841240875912,7.42,9,20261524.0,272.0,26.0,1.015109,1.48265999251801,0.0591555143402276,58.02509,0.7673843,0.26758404214,24.2547
train,03250500,"LICKING RIVER AT BLUE LICK SPRINGS, KY",KY,05,38.422019,-83.999093,4622.375,timeseries_nonobs,Data/CAMELSH/timeseries_nonobs/03250500.nc,Hourly2/03250500_hourly.nc,78347,96432,0.8124585199933632,26228,26304,0.997110705596107,25656,26304,0.9753649635036497,0.71,9,20261524.0,272.0,26.0,11.43559,1.29517120740313,0.0352584531648832,38.6413,1.701523,0.63761269,23.74687
train,03263000,Great Miami River at Taylorsville OH,OH,05,39.87283509,-84.16410708,2975.009,timeseries,Data/CAMELSH/timeseries/03263000.nc,Hourly2/03263000_hourly.nc,86545,96432,0.897471793595487,24954,26304,0.9486770072992701,24149,26304,0.918073296836983,1.4,8,20261524.0,272.0,26.0,0.7609326,1.47478249027386,0.0645598737146461,59.55622,1.040096,0.08494856666,42.88747
train,03270500,Great Miami River at Dayton OH,OH,05,39.76533651,-84.1974405,6484.979,timeseries_nonobs,Data/CAMELSH/timeseries_nonobs/03270500.nc,Hourly2/03270500_hourly.nc,86487,96432,0.8968703334992534,23529,26304,0.8945027372262774,20752,26304,0.7889294403892944,1.19,9,20261524.0,272.0,26.0,0.9526432,1.47073868524884,0.0610692737769349,59.5237,1.35629,0.086336568,43.07364
train,03271601,Great Miami River below Miamisburg OH,OH,05,39.606725,-84.286885,7019.35,timeseries,Data/CAMELSH/timeseries/03271601.nc,Hourly2/03271601_hourly.nc,89985,96432,0.9331445993031359,25389,26304,0.9652144160583942,23819,26304,0.9055276763990268,5.84,9,20261524.0,272.0,26.0,1.002785,1.46811550388041,0.0598265581819285,59.46469,1.353203,0.08636107629999999,42.61562
train,03276500,"WHITEWATER RIVER AT BROOKVILLE, IND",IN,05,39.40671775,-85.01273737,3172.92,timeseries_nonobs,Data/CAMELSH/timeseries_nonobs/03276500.nc,Hourly2/03276500_hourly.nc,88657,96432,0.919373237099718,25771,26304,0.9797369221411192,25548,26304,0.9712591240875912,1.32,9,20261524.0,272.0,26.0,2.529205,1.37144276051751,0.0560855008681675,58.54169,1.326162,0.27068816219999997,36.07871
train,03281000,"MIDDLE FORK KENTUCKY RIVER AT TALLEGA, KY",KY,05,37.55508768,-83.59379932,1392.92,timeseries_nonobs,Data/CAMELSH/timeseries_nonobs/03281000.nc,Hourly2/03281000_hourly.nc,90114,96432,0.9344823295171727,25783,26304,0.9801931265206812,25645,26304,0.9749467761557178,0.44,10,20261524.0,272.0,26.0,27.16027,1.27885990964991,0.030865714192633,38.58212,2.401237,0.850895763,30.68159
train,03324000,"LITTLE RIVER NEAR HUNTINGTON, IND",IN,05,40.90393517,-85.4060857,682.6779,timeseries_nonobs,Data/CAMELSH/timeseries_nonobs/03324000.nc,Hourly2/03324000_hourly.nc,86563,96432,0.8976584536253526,23536,26304,0.8947688564476886,22674,26304,0.8619981751824818,2.57,10,20261524.0,272.0,26.0,0.5902307,1.48945613882446,0.0686707419028158,60.0,0.7822604,0.0817593491,25.61155
train,03326500,"MISSISSINEWA RIVER AT MARION, IND.",IN,05,40.57642978,-85.65997776,1769.698,timeseries_nonobs,Data/CAMELSH/timeseries_nonobs/03326500.nc,Hourly2/03326500_hourly.nc,82367,96432,0.8541459266633483,23032,26304,0.8756082725060828,23164,26304,0.8806265206812652,2.37,9,20261524.0,272.0,26.0,0.7261535,1.44461090908339,0.0613965542944406,60.0,0.7512217,0.0736661341,26.96225
train,03330241,"TIPPECANOE RIVER AT NORTH WEBSTER, IN",IN,05,41.31615735,-85.692209,127.8594,timeseries_nonobs,Data/CAMELSH/timeseries_nonobs/03330241.nc,Hourly2/03330241_hourly.nc,90504,96432,0.9385266301642609,25051,26304,0.9523646593673966,24144,26304,0.9178832116788321,8.81,10,20261524.0,272.0,26.0,1.25483,1.45962982223751,0.0803603166466652,60.0,1.929636,0.16181206499999998,52.02187
train,03351000,"WHITE RIVER NEAR NORA, IN",IN,05,39.91059488,-86.10554227,3119.411,timeseries_nonobs,Data/CAMELSH/timeseries_nonobs/03351000.nc,Hourly2/03351000_hourly.nc,89613,96432,0.9292869586859134,25319,26304,0.9625532238442822,23885,26304,0.9080368004866181,1.35,9,20261524.0,272.0,26.0,0.6625509,1.42439137340613,0.055681076032829,59.99905,1.101839,0.052792832181,32.69706
train,03374000,"WHITE RIVER AT PETERSBURG, IN",IN,05,38.51088224,-87.28945834,28808.5,timeseries_nonobs,Data/CAMELSH/timeseries_nonobs/03374000.nc,Hourly2/03374000_hourly.nc,87896,96432,0.9114816658370666,24180,26304,0.9192518248175182,25161,26304,0.9565465328467153,0.94,10,20261524.0,272.0,26.0,2.56796,1.32306352938566,0.0444728563883051,56.05672,1.357978,0.3021249183,27.56953
train,03413200,"BEAVER CREEK NEAR MONTICELLO, KY",KY,05,36.79757036,-84.89605849,117.5418,timeseries_nonobs,Data/CAMELSH/timeseries_nonobs/03413200.nc,Hourly2/03413200_hourly.nc,79100,96432,0.820267131242741,26298,26304,0.999771897810219,25986,26304,0.9879105839416058,1.51,9,20261524.0,272.0,26.0,15.64866,1.16785730332061,0.0224472010524313,46.89228,2.1645,0.7528368527000001,29.69081
train,03455500,"W F PIGEON R ABOVE LAKE LOGAN NR HAZELWOOD, NC",NC,06,35.39611111,-82.9375,72.9522,timeseries_nonobs,Data/CAMELSH/timeseries_nonobs/03455500.nc,Hourly2/03455500_hourly.nc,91119,96432,0.944904181184669,25679,26304,0.9762393552311436,25583,26304,0.9725897201946472,1.59,9,20261525.0,68.0,7.0,33.91634,0.845278169680749,0.0604950781553377,56.42194,3.505749,0.94664316,60.49871
train,03460795,"PIGEON R BL POWER PLANT NR WATERVILLE, NC",NC,06,35.78361,-83.11194,1388.0,timeseries_nonobs,Data/CAMELSH/timeseries_nonobs/03460795.nc,Hourly2/03460795_hourly.nc,94489,96432,0.9798510867761738,26279,26304,0.9990495742092458,26300,26304,0.9998479318734793,2.18378378378378,9,20261525.0,68.0,7.0,28.4186,1.10477919526541,0.0337845257857343,52.39153,3.204458,0.80712828,61.09798
train,03465500,"NOLICHUCKY RIVER AT EMBREEVILLE, TN",TN,06,36.1764961,-82.45736398,2081.6,timeseries_nonobs,Data/CAMELSH/timeseries_nonobs/03465500.nc,Hourly2/03465500_hourly.nc,93391,96432,0.968464824954372,26083,26304,0.9915982360097324,26283,26304,0.9992016423357665,0.29,10,20261525.0,68.0,7.0,25.26796,1.19663917033013,0.0372652701126915,51.4595,3.34122,0.84370771,56.56976
train,03503000,"LITTLE TENNESSEE RIVER AT NEEDMORE, NC",NC,06,35.33638889,-83.52694444,1129.928,timeseries_nonobs,Data/CAMELSH/timeseries_nonobs/03503000.nc,Hourly2/03503000_hourly.nc,94978,96432,0.9849220175875228,26232,26304,0.9972627737226277,26208,26304,0.9963503649635036,0.6,10,20261525.0,68.0,7.0,23.64404,0.977340603980967,0.0158163367037846,48.76176,2.976146,0.81680172,66.12952
train,03529500,"POWELL RIVER AT BIG STONE GAP, VA",VA,06,36.868985,-82.775439,290.8359,timeseries_nonobs,Data/CAMELSH/timeseries_nonobs/03529500.nc,Hourly2/03529500_hourly.nc,79097,96432,0.8202360212377634,26160,26304,0.9945255474452555,25961,26304,0.9869601581508516,0.19,10,20261525.0,68.0,7.0,24.15006,1.34752750947618,0.0334574589958919,43.94037,2.935802,0.68806848,35.47609
train,03566000,"HIWASSEE RIVER AT CHARLESTON, TN",TN,06,35.29514804,-84.759955,5969.783,timeseries,Data/CAMELSH/timeseries/03566000.nc,Hourly2/03566000_hourly.nc,92058,96432,0.954641612742658,25453,26304,0.9676475060827251,25309,26304,0.9621730535279805,4.23,10,20261525.0,68.0,7.0,15.74048,1.12329287170432,0.0118141719151675,43.91428,3.241073,0.77144207,58.87674
train,03597590,"WARTRACE CREEK BELOW COUNTY ROAD AT WARTRACE, TN",TN,06,35.527295,-86.340271,92.943,timeseries_nonobs,Data/CAMELSH/timeseries_nonobs/03597590.nc,Hourly2/03597590_hourly.nc,95315,96432,0.9884167081466733,25739,26304,0.9785203771289538,26174,26304,0.9950577858880778,0.38,10,20261525.0,68.0,7.0,6.702292,1.21531046640651,0.0157887374375985,48.57682,0.6734743,0.36773510000000004,26.91968
train,04058200,"SCHWEITZER CREEK NEAR PALMER, MI",MI,04,46.41104987,-87.62430281,63.1134,timeseries_nonobs,Data/CAMELSH/timeseries_nonobs/04058200.nc,Hourly2/04058200_hourly.nc,81134,96432,0.8413597146175543,22443,26304,0.8532162408759124,21426,26304,0.8145529197080292,6.59,8,20261523.0,140.0,14.0,4.193094,0.931718653317398,0.233766699551864,46.42118,2.966274,0.6016883,62.5718
train,04087159,"KINNICKINNIC RIVER @ S. 11TH STREET @ MILWAUKEE,WI",WI,04,42.99751487,-87.92647357,47.9169,timeseries_nonobs,Data/CAMELSH/timeseries_nonobs/04087159.nc,Hourly2/04087159_hourly.nc,81501,96432,0.8451655052264808,23016,26304,0.875,21152,26304,0.8041362530413625,13.04,9,20261523.0,140.0,14.0,1.118347,1.32035494310972,0.108997288164809,60.0,0.636,0.005277887,36.39323
train,04101800,"DOWAGIAC RIVER AT SUMNERVILLE, MI",MI,04,41.91337971,-86.21306763,656.541,timeseries_nonobs,Data/CAMELSH/timeseries_nonobs/04101800.nc,Hourly2/04101800_hourly.nc,94125,96432,0.976076406172225,26256,26304,0.9981751824817519,26303,26304,0.9999619829683698,0.91,9,20261523.0,140.0,14.0,1.136792,1.36171048213869,0.108933407633147,59.99513,7.541139,0.15204323,78.75237
train,04102700,"SOUTH BRANCH BLACK RIVER NEAR BANGOR, MI",MI,04,42.35420009,-86.18752654,223.6599,timeseries_nonobs,Data/CAMELSH/timeseries_nonobs/04102700.nc,Hourly2/04102700_hourly.nc,87208,96432,0.9043471046955367,24361,26304,0.926132907542579,22480,26304,0.8546228710462287,3.88,8,20261523.0,140.0,14.0,1.193834,1.24133822524554,0.118827710233719,60.0,5.22405,0.24353445399999998,73.98147
train,04122500,"PERE MARQUETTE RIVER AT SCOTTVILLE, MI",MI,04,43.94500632,-86.2786896,1769.188,timeseries_nonobs,Data/CAMELSH/timeseries_nonobs/04122500.nc,Hourly2/04122500_hourly.nc,84235,96432,0.8735170897627343,23067,26304,0.8769388686131386,21739,26304,0.8264522506082725,3.38,9,20261523.0,140.0,14.0,2.391347,1.36611318203076,0.146881284477184,60.0,10.36935,0.6139686,80.97195
train,04126740,"PLATTE RIVER AT HONOR, MI",MI,04,44.668055,-86.034812,324.9396,timeseries_nonobs,Data/CAMELSH/timeseries_nonobs/04126740.nc,Hourly2/04126740_hourly.nc,94584,96432,0.980836236933798,25871,26304,0.9835386253041363,24408,26304,0.9279197080291971,2.62,9,20261523.0,140.0,14.0,2.472372,1.35300380605412,0.178055358027787,59.99931,11.39454,0.55562762,86.21316
train,04127800,"JORDAN RIVER NEAR EAST JORDAN, MI",MI,04,45.10250676,-85.09811217,173.5164,timeseries_nonobs,Data/CAMELSH/timeseries_nonobs/04127800.nc,Hourly2/04127800_hourly.nc,87646,96432,0.9088891654222665,24866,26304,0.945331508515815,22522,26304,0.8562195863746959,3.55,9,20261523.0,140.0,14.0,5.502105,1.41350800185925,0.187698525477371,59.96422,9.983612,0.7069545700000001,87.60903
train,04137005,"AU SABLE RIVER NEAR CURTISVILLE, MI",MI,04,44.560847,-83.802764,4144.092,timeseries_nonobs,Data/CAMELSH/timeseries_nonobs/04137005.nc,Hourly2/04137005_hourly.nc,92896,96432,0.9633316741330679,26059,26304,0.9906858272506083,25319,26304,0.9625532238442822,3.1,9,20261523.0,140.0,14.0,1.876456,1.61930712074554,0.167470705702065,60.0,11.42782,0.60694179,79.10997
train,04147500,"FLINT RIVER NEAR OTISVILLE, MI",MI,04,43.11113726,-83.51939651,1395.162,timeseries_nonobs,Data/CAMELSH/timeseries_nonobs/04147500.nc,Hourly2/04147500_hourly.nc,95660,96432,0.9919943587190974,26060,26304,0.9907238442822385,26294,26304,0.9996198296836983,0.26,9,20261523.0,140.0,14.0,1.313279,1.53158749208177,0.12130628471905,60.0,3.61705,0.24281307500000002,47.66719
train,04151500,"CASS RIVER AT FRANKENMUTH, MI",MI,04,43.3278021,-83.74801962,2164.86,timeseries_nonobs,Data/CAMELSH/timeseries_nonobs/04151500.nc,Hourly2/04151500_hourly.nc,79767,96432,0.8271839223494276,23233,26304,0.8832496958637469,21066,26304,0.8008667883211679,3.96,9,20261523.0,140.0,14.0,0.5856988,1.50057011283504,0.123422927599511,60.0,4.691719,0.197971613,36.40585
train,04164000,"CLINTON RIVER NEAR FRASER, MI",MI,04,42.57725671,-82.95131116,1143.005,timeseries_nonobs,Data/CAMELSH/timeseries_nonobs/04164000.nc,Hourly2/04164000_hourly.nc,94156,96432,0.9763978762236601,26206,26304,0.9962743309002433,25306,26304,0.9620590024330901,0.96,9,20261523.0,140.0,14.0,1.271718,1.57078933972119,0.112629136483176,60.0,5.091987,0.150035675,53.23192
train,04168000,"LOWER RIVER ROUGE AT INKSTER, MI",MI,04,42.30059329,-83.30020777,219.177,timeseries_nonobs,Data/CAMELSH/timeseries_nonobs/04168000.nc,Hourly2/04168000_hourly.nc,87046,96432,0.9026671644267463,25623,26304,0.9741104014598541,22466,26304,0.8540906326034063,2.7,9,20261523.0,140.0,14.0,0.4354971,1.56301411387041,0.108533284356994,60.0,4.506846,0.13101873590000002,50.87452
train,04183000,"MAUMEE RIVER AT NEW HAVEN, IND.",IN,04,41.08504866,-85.0221904,5039.881,timeseries_nonobs,Data/CAMELSH/timeseries_nonobs/04183000.nc,Hourly2/04183000_hourly.nc,81473,96432,0.8448751451800233,25246,26304,0.9597779805352799,23285,26304,0.8852265815085159,3.36,10,20261523.0,140.0,14.0,0.6492656,1.49660923934972,0.0776011883181173,60.0,1.159036,0.0869729184,35.76283
train,04233000,CAYUGA INLET NEAR ITHACA NY,NY,04,42.3931287,-76.5449429,91.8999,timeseries_nonobs,Data/CAMELSH/timeseries_nonobs/04233000.nc,Hourly2/04233000_hourly.nc,77830,96432,0.8070972291355567,0,26304,0.0,0,26304,0.0,7.05,10,20261523.0,140.0,14.0,11.41488,1.20927017592408,0.149122667429423,50.68045,2.11253,0.52027693,47.444
train,04282500,"OTTER CREEK AT MIDDLEBURY, VT",VT,02,44.013115,-73.1678956,1632.865,timeseries,Data/CAMELSH/timeseries/04282500.nc,Hourly2/04282500_hourly.nc,78454,96432,0.8135681101708976,22607,26304,0.8594510340632603,22409,26304,0.8519236618004866,3.84,9,20261521.0,276.0,26.0,12.90704,1.02040922446571,0.201630490934863,48.541,3.324357,0.7010698999999999,47.44187
train,04296500,"CLYDE RIVER AT NEWPORT, VT",VT,01,44.9403244,-72.1892683,375.0174,timeseries,Data/CAMELSH/timeseries/04296500.nc,Hourly2/04296500_hourly.nc,84642,96432,0.8777376804380289,25325,26304,0.9627813260340633,22472,26304,0.8543187347931873,1.46,9,20261520.0,136.0,13.0,8.888477,0.946035367043112,0.218677823500801,51.17962,3.8438,0.6963517,46.37859
train,05046000,"OTTER TAIL RIVER BL ORWELL D NR FERGUS FALLS, MN",MN,09,46.20968194,-96.18506139,4501.151,timeseries,Data/CAMELSH/timeseries/05046000.nc,Hourly2/05046000_hourly.nc,95269,96432,0.98793968807035,25333,26304,0.9630854622871047,25716,26304,0.9776459854014599,0.36,9,20261528.0,3.0,1.0,1.810185,2.1306587113324,0.124920591060957,60.0,5.921704,0.2993590357,62.61617
train,05247500,"CROW WING RIVER NEAR PILLAGER, MN",MN,07,46.30496701,-94.37750357,10016.24,timeseries,Data/CAMELSH/timeseries/05247500.nc,Hourly2/05247500_hourly.nc,92494,96432,0.9591629334660694,25830,26304,0.9819799270072993,24403,26304,0.9277296228710462,2.1,8,20261526.0,205.0,20.0,1.137605,1.9961331360885,0.125402518652141,60.0,7.045067,0.3407368828,67.94002
train,05372995,"SOUTH FORK ZUMBRO RIVER AT ROCHESTER, MN",MN,07,44.06163111,-92.46628889,779.4621,timeseries_nonobs,Data/CAMELSH/timeseries_nonobs/05372995.nc,Hourly2/05372995_hourly.nc,92143,96432,0.95552306288369,24794,26304,0.9425942822384428,23830,26304,0.9059458637469586,2.83,10,20261526.0,205.0,20.0,2.409057,1.5879172060177,0.109503129018432,53.84096,2.326967,0.0763218601,62.5159
train,05391000,"WISCONSIN RIVER @ RAINBOW LAKE NR LAKE TOMAHAWK,WI",WI,07,45.83050861,-89.55236359,1947.559,timeseries_nonobs,Data/CAMELSH/timeseries_nonobs/05391000.nc,Hourly2/05391000_hourly.nc,94454,96432,0.9794881367181019,26303,26304,0.9999619829683698,26015,26304,0.9890130778588808,0.32,9,20261526.0,205.0,20.0,1.738966,1.412444254053,0.178374148831827,59.88312,7.787588,0.42497113,69.88158
train,05404000,"WISCONSIN RIVER NEAR WISCONSIN DELLS, WI",WI,07,43.60497997,-89.75679117,20976.56,timeseries_nonobs,Data/CAMELSH/timeseries_nonobs/05404000.nc,Hourly2/05404000_hourly.nc,83219,96432,0.8629811680769869,20781,26304,0.7900319343065694,20627,26304,0.7841773114355232,4.32,10,20261526.0,205.0,20.0,1.412305,1.43824308480266,0.135518858878959,57.89086,6.269782,0.40929907,58.51708
train,05419000,"APPLE RIVER NEAR HANOVER, IL",IL,07,42.25279413,-90.28596234,638.6625,timeseries_nonobs,Data/CAMELSH/timeseries_nonobs/05419000.nc,Hourly2/05419000_hourly.nc,82903,96432,0.8597042475526796,23182,26304,0.8813108272506083,20540,26304,0.7808698296836983,3.65,10,20261526.0,205.0,20.0,5.327525,1.482332109664,0.0907348448310675,48.69142,1.293918,0.18359984399999998,53.90241
train,05430175,"YAHARA RIVER NEAR FULTON, WI",WI,07,42.82639387,-89.17205923,1259.441,timeseries_nonobs,Data/CAMELSH/timeseries_nonobs/05430175.nc,Hourly2/05430175_hourly.nc,84058,96432,0.8716815994690559,24726,26304,0.9400091240875912,21577,26304,0.820293491484185,5.08,8,20261526.0,205.0,20.0,2.010998,1.45610434183899,0.110674520897095,59.77635,4.767146,0.061250021099999996,60.50969
train,05431032,"TURTLE CREEK AT DELAVAN, WI",WI,07,42.636959,-88.657603,216.0702,timeseries_nonobs,Data/CAMELSH/timeseries_nonobs/05431032.nc,Hourly2/05431032_hourly.nc,94193,96432,0.9767815662850506,0,26304,0.0,0,26304,0.0,0.29,9,20261526.0,205.0,20.0,1.148397,1.45517913647412,0.102150440881501,59.84649,2.68912,0.0720224263,47.00354
train,05439000,"SOUTH BRANCH KISHWAUKEE RIVER AT DEKALB, IL",IL,07,41.93114026,-88.75953173,201.339,timeseries_nonobs,Data/CAMELSH/timeseries_nonobs/05439000.nc,Hourly2/05439000_hourly.nc,83505,96432,0.8659469885515182,23690,26304,0.9006234793187348,21526,26304,0.8183546228710462,8.37,10,20261526.0,205.0,20.0,0.2853946,1.55322586684585,0.0759322051025892,60.0,1.416782,0.00397836444,41.31909
train,05447500,"GREEN RIVER NEAR GENESEO, IL",IL,07,41.48892309,-90.15761855,2575.741,timeseries_nonobs,Data/CAMELSH/timeseries_nonobs/05447500.nc,Hourly2/05447500_hourly.nc,81144,96432,0.8414634146341463,22086,26304,0.8396441605839416,22186,26304,0.8434458637469586,4.25,10,20261526.0,205.0,20.0,0.9718491,1.58804776388439,0.0787273923210281,59.93612,2.750739,0.058548502100000004,40.17465
train,05504800,"South Fork Salt River above Santa Fe, MO",MO,07,39.3261511,-91.8340547,590.2191,timeseries_nonobs,Data/CAMELSH/timeseries_nonobs/05504800.nc,Hourly2/05504800_hourly.nc,89064,96432,0.9235938277750124,26199,26304,0.9960082116788321,25613,26304,0.9737302311435523,1.46,9,20261526.0,205.0,20.0,1.39715,1.5917963161429,0.0492916904860538,59.86573,0.4769375,0.1594421833,7.255316
train,05506350,"Middle Fork Salt River near Holliday, MO",MO,07,39.524111,-92.12775,810.2691,timeseries,Data/CAMELSH/timeseries/05506350.nc,Hourly2/05506350_hourly.nc,83389,96432,0.8647440683590509,20940,26304,0.7960766423357665,23411,26304,0.8900167274939172,3.59,10,20261526.0,205.0,20.0,2.213592,1.67478898671932,0.05160797700616,59.66227,0.612163,0.20394560590000002,15.08761
train,05517530,"KANKAKEE RIVER NR KOUTS, IND.",IN,07,41.25392762,-87.03391396,3535.799,timeseries_nonobs,Data/CAMELSH/timeseries_nonobs/05517530.nc,Hourly2/05517530_hourly.nc,85121,96432,0.8827049112327858,25392,26304,0.9653284671532847,23708,26304,0.9013077858880778,6.08,10,20261526.0,205.0,20.0,0.4690919,1.39915309058156,0.08200008964576,60.0,6.458929,0.12459983279999999,63.4192
train,05536105,"NB CHICAGO RIVER AT ALBANY AVENUE AT CHICAGO, IL",IL,07,41.974167,-87.705833,289.8513,timeseries_nonobs,Data/CAMELSH/timeseries_nonobs/05536105.nc,Hourly2/05536105_hourly.nc,84370,96432,0.8749170399867264,25030,26304,0.951566301703163,23528,26304,0.8944647201946472,11.66,9,20261526.0,205.0,20.0,0.4691392,1.46892894812121,0.0836532665936066,59.93786,1.168339,0.0641004538,30.8757
train,05536255,"BUTTERFIELD CREEK AT FLOSSMOOR, IL",IL,07,41.5400347,-87.64921168,60.3423,timeseries_nonobs,Data/CAMELSH/timeseries_nonobs/05536255.nc,Hourly2/05536255_hourly.nc,84784,96432,0.8792102206736353,23971,26304,0.9113062652068127,21726,26304,0.8259580291970803,3.78,9,20261526.0,205.0,20.0,0.570126,1.3870769301817,0.0786099179776447,60.0,0.5501597,0.0472504348,28.43319
train,05539900,"W BRANCH DU PAGE RIVER NR WEST CHICAGO, IL",IL,07,41.91086169,-88.1789607,71.9064,timeseries_nonobs,Data/CAMELSH/timeseries_nonobs/05539900.nc,Hourly2/05539900_hourly.nc,92438,96432,0.9585822133731542,25972,26304,0.9873783454987834,23404,26304,0.8897506082725061,2.42,9,20261526.0,205.0,20.0,1.015721,1.50622845977777,0.082583055469298,60.0,2.26209,0.027698508999999996,34.94628
train,05576500,"SANGAMON RIVER AT RIVERTON, IL",IL,07,39.8431053,-89.5473197,6784.395,timeseries_nonobs,Data/CAMELSH/timeseries_nonobs/05576500.nc,Hourly2/05576500_hourly.nc,88832,96432,0.921187987390078,25403,26304,0.9657466545012166,23363,26304,0.8881919099756691,2.91,9,20261526.0,205.0,20.0,0.4688879,1.59180526602829,0.052406012457211,60.0,1.006974,0.044630315183,28.16051
train,05585000,"LA MOINE RIVER AT RIPLEY, IL",IL,07,40.02477041,-90.63179466,3354.608,timeseries_nonobs,Data/CAMELSH/timeseries_nonobs/05585000.nc,Hourly2/05585000_hourly.nc,84030,96432,0.8713912394225983,24589,26304,0.9348007907542579,21072,26304,0.801094890510949,2.9,9,20261526.0,205.0,20.0,1.668917,1.65318063584034,0.0609349689073092,60.0,0.9594798,0.21775277405000001,29.14236
train,05590950,"KASKASKIA RIVER AT CHESTERVILLE, IL",IL,07,39.703088,-88.386441,932.3316,timeseries_nonobs,Data/CAMELSH/timeseries_nonobs/05590950.nc,Hourly2/05590950_hourly.nc,86507,96432,0.8970777335324374,24757,26304,0.9411876520681265,22776,26304,0.8658759124087592,9.24,9,20261526.0,205.0,20.0,0.1762491,1.52433955693236,0.0551115230126933,60.0,1.287158,0.007255359,34.47367
train,05593900,"EAST FORK SHOAL CREEK NEAR COFFEEN, IL",IL,07,39.14893485,-89.35230484,145.4472,timeseries_nonobs,Data/CAMELSH/timeseries_nonobs/05593900.nc,Hourly2/05593900_hourly.nc,82474,96432,0.8552555168408827,22142,26304,0.8417731143552312,22861,26304,0.8691073600973236,5.35,9,20261526.0,205.0,20.0,0.8174756,1.57879669179417,0.0441157579883755,60.0,0.5465369,0.09745804469,14.59311
train,06043500,Gallatin River near Gallatin Gateway MT,MT,10U,45.4974286,-111.2705108,2120.42,timeseries_nonobs,Data/CAMELSH/timeseries_nonobs/06043500.nc,Hourly2/06043500_hourly.nc,95210,96432,0.9873278579724573,25149,26304,0.9560903284671532,25073,26304,0.9532010340632603,1.0,10,20261530.0,52.0,6.0,28.15137,1.36813808661527,0.496239538327047,51.75965,2.480564,0.6379897759,77.40414
train,06191500,Yellowstone River at Corwin Springs MT,MT,10U,45.1118797,-110.7943814,6783.593,timeseries_nonobs,Data/CAMELSH/timeseries_nonobs/06191500.nc,Hourly2/06191500_hourly.nc,92424,96432,0.9584370333499254,25169,26304,0.9568506690997567,25574,26304,0.9722475669099757,1.18,9,20261530.0,52.0,6.0,21.22454,1.51904848444223,0.524291404968428,48.08558,3.513257,0.4044177181,74.27758
train,06200000,Boulder River at Big Timber MT,MT,10U,45.8341061,-109.9387978,1363.8,timeseries,Data/CAMELSH/timeseries/06200000.nc,Hourly2/06200000_hourly.nc,77453,96432,0.8031877385100381,22264,26304,0.8464111922141119,23461,26304,0.8919175790754258,6.46,10,20261530.0,52.0,6.0,31.98752,1.60931662357177,0.436353648943916,46.82108,3.824447,0.5341684232,68.77123
train,06298000,"TONGUE RIVER NEAR DAYTON, WY",WY,10U,44.84941233,-107.30452531,533.6174,timeseries,Data/CAMELSH/timeseries/06298000.nc,Hourly2/06298000_hourly.nc,88129,96432,0.9138978762236601,24479,26304,0.9306189172749392,25482,26304,0.96875,0.41,10,20261530.0,52.0,6.0,16.77829,1.62932031206154,0.498126765377954,32.36521,2.312323,0.605535029,65.7035
train,06408700,RHOADS FORK NEAR ROCHFORD SD,SD,10U,44.13664933,-103.8585355,20.7954,timeseries,Data/CAMELSH/timeseries/06408700.nc,Hourly2/06408700_hourly.nc,92985,96432,0.9642546042807367,26250,26304,0.9979470802919708,26206,26304,0.9962743309002433,4.9,10,20261530.0,52.0,6.0,13.16087,2.07693348595263,0.259376162501407,51.875,1.0055,0.9490175399999999,80.62196
train,06450500,LITTLE WHITE R BELOW WHITE RIVER SD,SD,10U,43.60138549,-100.74986078,4111.272,timeseries,Data/CAMELSH/timeseries/06450500.nc,Hourly2/06450500_hourly.nc,83631,96432,0.8672536087605774,15738,26304,0.5983120437956204,18184,26304,0.691301703163017,10.93,9,20261530.0,52.0,6.0,3.183159,3.39171843158152,0.0980528758696492,45.72159,6.381248,0.031044339,68.10995
train,06652000,"NORTH PLATTE RIVER AT ORIN, WY",WY,10L,42.65249599,-105.15914341,39195.63,timeseries_nonobs,Data/CAMELSH/timeseries_nonobs/06652000.nc,Hourly2/06652000_hourly.nc,78763,96432,0.8167724406835906,22317,26304,0.8484260948905109,21109,26304,0.8025015206812652,1.94,10,20261529.0,134.0,13.0,7.564137,3.55195393323715,0.326055455273607,45.58465,3.3157,0.1367927298,53.51836
train,06799100,"NORTH FORK ELKHORN RIVER NEAR PIERCE, NEBR.",NE,10L,42.14843889,-97.47857222,1836.301,timeseries,Data/CAMELSH/timeseries/06799100.nc,Hourly2/06799100_hourly.nc,77454,96432,0.8031981085116974,20722,26304,0.7877889294403893,19334,26304,0.7350212895377128,7.09,10,20261529.0,134.0,13.0,1.60681,2.41417888753791,0.0898589172509574,59.90668,6.100559,0.01835386,59.94899
train,06803080,"Salt Creek at Pioneers Boulevard at Lincoln, Nebr.",NE,10L,40.770278,-96.718889,571.8834,timeseries,Data/CAMELSH/timeseries/06803080.nc,Hourly2/06803080_hourly.nc,83835,96432,0.8693690890990543,18933,26304,0.7197764598540146,19797,26304,0.7526231751824818,8.4,10,20261529.0,134.0,13.0,2.527142,2.33426413238816,0.0595041064709457,60.0,0.449279,0.07191553490000001,31.44748
train,06821190,"Platte River at Sharps Station, MO",MO,10L,39.40097222,-94.72681944,6178.813,timeseries,Data/CAMELSH/timeseries/06821190.nc,Hourly2/06821190_hourly.nc,88725,96432,0.9200783972125436,25032,26304,0.9516423357664233,25761,26304,0.9793567518248175,1.55,9,20261529.0,134.0,13.0,2.965385,1.77438961161427,0.0530400562025665,59.61638,0.7942638,0.0971905731,20.33989
train,06836500,"DRIFTWOOD CREEK NEAR MC COOK, NEBR.",NE,10L,40.14583655,-100.67320835,935.0073,timeseries,Data/CAMELSH/timeseries/06836500.nc,Hourly2/06836500_hourly.nc,88336,96432,0.9160444665671147,19930,26304,0.7576794403892944,20507,26304,0.7796152676399026,1.33,9,20261529.0,134.0,13.0,3.027962,3.644842156353,0.0637860453207103,59.86927,1.300194,0.000665128456,51.09745
train,06847900,"PRAIRIE DOG C AB KEITH SEBELIUS LAKE, KS",KS,10L,39.76984922,-100.10077916,1536.188,timeseries,Data/CAMELSH/timeseries/06847900.nc,Hourly2/06847900_hourly.nc,86324,96432,0.8951800232288037,25015,26304,0.9509960462287105,25075,26304,0.9532770681265207,3.31,10,20261529.0,134.0,13.0,1.724141,3.65059623491955,0.0575772484964387,59.74623,1.362107,0.00056887586,34.86409
train,06872500,"NF SOLOMON R AT PORTIS, KS",KS,10L,39.5550969,-98.69232475,6217.065,timeseries,Data/CAMELSH/timeseries/06872500.nc,Hourly2/06872500_hourly.nc,84639,96432,0.8777065704330512,22438,26304,0.8530261557177615,22330,26304,0.8489203163017032,3.99,8,20261529.0,134.0,13.0,2.334342,3.24080672159435,0.0520356782865471,58.12994,1.344875,0.006373618443,36.76012
train,06888500,"MILL C NR PAXICO, KS",KS,10L,39.06265453,-96.15025179,842.346,timeseries_nonobs,Data/CAMELSH/timeseries_nonobs/06888500.nc,Hourly2/06888500_hourly.nc,90688,96432,0.9404347104695536,25701,26304,0.9770757299270073,25670,26304,0.975897201946472,0.97,9,20261529.0,134.0,13.0,4.607653,2.00136622560063,0.0411390623138267,41.26837,0.5067068,0.0410667304,24.2487
train,06917000,"L OSAGE R AT FULTON, KS",KS,10L,38.01896828,-94.71366829,765.7839,timeseries,Data/CAMELSH/timeseries/06917000.nc,Hourly2/06917000_hourly.nc,92753,96432,0.9618487638958022,25651,26304,0.9751748783454988,25460,26304,0.9679136253041363,0.93,8,20261529.0,134.0,13.0,2.151737,1.606043153925,0.0325189150511687,47.47359,0.7270377,0.20234443113,12.32755
train,06930000,"BIG PINEY RIVER NR BIG PINEY, MO",MO,10L,37.66563611,-92.04991389,1426.903,timeseries,Data/CAMELSH/timeseries/06930000.nc,Hourly2/06930000_hourly.nc,93429,96432,0.9688588850174216,26259,26304,0.9982892335766423,25971,26304,0.9873403284671532,0.03,10,20261529.0,134.0,13.0,5.953876,1.39417702982453,0.0341184861485948,52.11396,1.757906,0.64297729,30.96004
train,06930060,"Big Piney below Ft. Leonard Wood, MO",MO,10L,37.76025,-92.057972,1535.818,timeseries,Data/CAMELSH/timeseries/06930060.nc,Hourly2/06930060_hourly.nc,93252,96432,0.9670233947237431,26029,26304,0.9895453163017032,26274,26304,0.9988594890510949,0.26,10,20261529.0,134.0,13.0,6.045011,1.39814306816112,0.0337085034097618,52.48243,1.758226,0.65629987,30.75015
train,06935755,"Bonhomme Creek near Ellisville, MO",MO,10L,38.609806,-90.672417,11.8683,timeseries,Data/CAMELSH/timeseries/06935755.nc,Hourly2/06935755_hourly.nc,87081,96432,0.9030301144848183,26298,26304,0.999771897810219,25766,26304,0.9795468369829684,3.14,9,20261529.0,134.0,13.0,5.054576,1.58356232166323,0.0430847051178974,59.6519,1.298925,0.5574429321000001,25.0
train,06935770,"Bonhomme Creek near Clarkson Valley, MO",MO,10L,38.657833,-90.619167,30.7701,timeseries,Data/CAMELSH/timeseries/06935770.nc,Hourly2/06935770_hourly.nc,85173,96432,0.8832441513190642,23247,26304,0.8837819343065694,25904,26304,0.9847931873479319,8.77,8,20261529.0,134.0,13.0,5.68886,1.58356232166323,0.0430847051178974,59.68145,1.299585,0.602854749,24.74126
train,07010030,"River Des Peres Trib. at Pagedale, MO",MO,07,38.676889,-90.314833,5.1138,timeseries,Data/CAMELSH/timeseries/07010030.nc,Hourly2/07010030_hourly.nc,86838,96432,0.9005102040816326,22554,26304,0.8574361313868614,25908,26304,0.9849452554744526,4.95,9,20261526.0,205.0,20.0,3.042885,1.62771992839997,0.038207011801062,26.5,0.976,0.0851812768,20.3196
train,07049000,"War Eagle Creek near Hindsville, AR",AR,11,36.20007504,-93.85519548,690.1732,timeseries,Data/CAMELSH/timeseries/07049000.nc,Hourly2/07049000_hourly.nc,93578,96432,0.9704040152646425,25081,26304,0.9535051703163017,25790,26304,0.9804592457420924,0.8,8,20261531.0,223.0,21.0,10.46017,1.53813247593987,0.0215181034925959,46.12654,1.916076,0.579655256,31.06727
train,07060710,"North Sylamore Creek near Fifty Six, AR",AR,11,35.99535053,-92.21265464,150.0277,timeseries,Data/CAMELSH/timeseries/07060710.nc,Hourly2/07060710_hourly.nc,94107,96432,0.9758897461423593,25380,26304,0.9648722627737226,26085,26304,0.9916742700729927,1.5,10,20261531.0,223.0,21.0,13.7296,1.61999296559721,0.0247686742465095,52.82763,1.759925,0.95250467,35.00949
train,07061900,"Logan Creek at Ellington, MO",MO,11,37.247472,-90.965472,360.1701,timeseries,Data/CAMELSH/timeseries/07061900.nc,Hourly2/07061900_hourly.nc,91684,96432,0.9507632321221171,26100,26304,0.9922445255474452,18041,26304,0.6858652676399026,1.59,10,20261531.0,223.0,21.0,7.109049,1.45938891970271,0.0253932639796336,56.96716,1.816083,0.85367417,41.1879
train,07064000,"Black River near Corning, AR",AR,11,36.40200525,-90.5414989,4519.112,timeseries_nonobs,Data/CAMELSH/timeseries_nonobs/07064000.nc,Hourly2/07064000_hourly.nc,93856,96432,0.9732868757259001,26034,26304,0.9897354014598541,26240,26304,0.9975669099756691,0.46,9,20261531.0,223.0,21.0,6.696187,1.4435811156207,0.0268991182940059,57.53497,1.827861,0.6956622299999999,39.76118
train,07119500,"APISHAPA RIVER NEAR FOWLER, CO.",CO,11,38.09111742,-103.98162573,2775.189,timeseries_nonobs,Data/CAMELSH/timeseries_nonobs/07119500.nc,Hourly2/07119500_hourly.nc,89534,96432,0.9284677285548366,24221,26304,0.9208105231143552,26212,26304,0.9965024330900243,1.26,9,20261531.0,223.0,21.0,5.363441,4.78190999531471,0.0954924108651902,43.48896,1.511948,0.112688875,31.26896
train,07121500,"TIMPAS CREEK AT MOUTH NEAR SWINK, CO.",CO,11,38.0030644,-103.65605875,1302.656,timeseries_nonobs,Data/CAMELSH/timeseries_nonobs/07121500.nc,Hourly2/07121500_hourly.nc,95985,96432,0.9953646092583375,25522,26304,0.9702706812652068,21406,26304,0.8137925790754258,0.25,10,20261531.0,223.0,21.0,2.466134,5.9527297784212,0.062459013959209,42.85265,1.216794,0.004685656,24.68392
train,07144100,"L ARKANSAS R NR SEDGWICK, KS",KS,11,37.883067,-97.424486,3200.356,timeseries,Data/CAMELSH/timeseries/07144100.nc,Hourly2/07144100_hourly.nc,91600,96432,0.9498921519827443,25819,26304,0.9815617396593674,24187,26304,0.9195179440389294,4.96,9,20261531.0,223.0,21.0,0.4663384,2.53712545901619,0.0402643515116837,59.32768,1.902817,0.02681954362,25.33762
train,07152000,"Chikaskia River near Blackwell, OK",OK,11,36.8114211,-97.277265,4855.722,timeseries,Data/CAMELSH/timeseries/07152000.nc,Hourly2/07152000_hourly.nc,90203,96432,0.9354052596648416,23558,26304,0.8956052311435523,16987,26304,0.6457953163017032,1.61,10,20261531.0,223.0,21.0,0.8463569,2.47264117366533,0.0297417186981743,58.05331,1.805471,0.015212836882000001,34.42012
train,07154500,"Cimarron River near Kenton, OK",OK,11,36.92668694,-102.9590956,3126.251,timeseries,Data/CAMELSH/timeseries/07154500.nc,Hourly2/07154500_hourly.nc,92975,96432,0.9641509042641447,25587,26304,0.9727417883211679,22805,26304,0.8669784063260341,1.43,8,20261531.0,223.0,21.0,8.689028,4.76398127569236,0.0568105589071453,38.78766,2.048742,0.217145459,16.92547
train,07171000,"Verdigris River near Lenapah, OK",OK,11,36.8511961,-95.586088,9284.685,timeseries,Data/CAMELSH/timeseries/07171000.nc,Hourly2/07171000_hourly.nc,89321,96432,0.9262589182014269,24580,26304,0.9344586374695864,21680,26304,0.8242092457420924,1.4,10,20261531.0,223.0,21.0,2.486706,1.88385297216117,0.0265391085182978,42.23182,0.7341579,0.08862698568,16.90275
train,07174400,"Caney River above Coon Creek at Bartlesville, OK",OK,11,36.75564417,-95.9722064,3548.932,timeseries_nonobs,Data/CAMELSH/timeseries_nonobs/07174400.nc,Hourly2/07174400_hourly.nc,88556,96432,0.9183258669321387,23028,26304,0.8754562043795621,21899,26304,0.8325349756690997,3.32,10,20261531.0,223.0,21.0,3.608033,1.96109434802913,0.0223857719320572,37.87915,0.9671299,0.1468098217,14.65429
train,07176500,"Bird Creek at Avant, OK",OK,11,36.48675444,-96.0641633,953.1234,timeseries_nonobs,Data/CAMELSH/timeseries_nonobs/07176500.nc,Hourly2/07176500_hourly.nc,93131,96432,0.96576862452298,25331,26304,0.9630094282238443,25502,26304,0.9695103406326034,0.45,10,20261531.0,223.0,21.0,4.054285,1.96062335794868,0.0219938435542669,34.54248,1.516958,0.27576183614,11.94325
train,07178000,"Bird Creek near Owasso, OK",OK,11,36.2487053,-95.8686019,2629.875,timeseries_nonobs,Data/CAMELSH/timeseries_nonobs/07178000.nc,Hourly2/07178000_hourly.nc,93660,96432,0.9712543554006968,23859,26304,0.9070483576642335,24772,26304,0.941757907542579,2.57,10,20261531.0,223.0,21.0,3.957452,1.97664028627364,0.020607245699195,36.64375,1.516021,0.3120595327,11.22042
train,07180500,"CEDAR C NR CEDAR POINT, KS",KS,11,38.19645062,-96.82457873,275.5053,timeseries,Data/CAMELSH/timeseries/07180500.nc,Hourly2/07180500_hourly.nc,93607,96432,0.9707047453127593,16784,26304,0.6380778588807786,20742,26304,0.7885492700729927,0.41,8,20261531.0,223.0,21.0,1.727233,2.21895599961008,0.031964047598392,43.97378,0.5176726,0.02763649,24.95788
train,07182510,"NEOSHO R AT BURLINGTON, KS",KS,11,38.19472788,-95.73534737,7882.382,timeseries_nonobs,Data/CAMELSH/timeseries_nonobs/07182510.nc,Hourly2/07182510_hourly.nc,94883,96432,0.9839368674298988,26053,26304,0.9904577250608273,25959,26304,0.9868841240875912,0.5,10,20261531.0,223.0,21.0,1.938497,2.15736770956628,0.0372105624019709,49.61192,0.5097891,0.03361431843,23.21079
train,07184000,"LIGHTNING C NR MCCUNE, KS",KS,11,37.28125445,-95.03266782,510.8391,timeseries,Data/CAMELSH/timeseries/07184000.nc,Hourly2/07184000_hourly.nc,92212,96432,0.9562385929981749,25983,26304,0.9877965328467153,25545,26304,0.9711450729927007,1.18,8,20261531.0,223.0,21.0,0.9593635,1.59295283963114,0.0278235151078086,54.07643,1.023898,0.041719592,28.30459
train,07233650,"Palo Duro Creek at Range, OK",OK,11,36.543917,-101.080991,4231.547,timeseries,Data/CAMELSH/timeseries/07233650.nc,Hourly2/07233650_hourly.nc,78042,96432,0.8092956694873071,0,26304,0.0,0,26304,0.0,13.48,7,20261531.0,223.0,21.0,0.5761567,4.86483175925174,0.0295459161633495,59.99567,0.8367255,3.360473e-05,19.57976
train,07260500,"Petit Jean River at Danville, AR",AR,11,35.05925692,-93.39574073,1975.217,timeseries_nonobs,Data/CAMELSH/timeseries_nonobs/07260500.nc,Hourly2/07260500_hourly.nc,78057,96432,0.8094512195121951,22074,26304,0.8391879562043796,26230,26304,0.9971867396593674,1.03,10,20261531.0,223.0,21.0,9.13705,1.51311392319317,0.0164126355477758,43.9557,1.477927,0.6829558,20.35968
train,07289730,"BIG BLACK RIVER NR BENTONIA, MS",MS,08,32.603056,-90.363889,5993.472,timeseries,Data/CAMELSH/timeseries/07289730.nc,Hourly2/07289730_hourly.nc,93383,96432,0.9683818649410983,26128,26304,0.9933090024330901,25283,26304,0.9611846107055961,1.27,10,20261527.0,49.0,5.0,2.196557,1.30048592113024,0.0070704659517909,59.96888,1.518449,0.43435147,23.29022
train,07295000,"BUFFALO RIVER NR WOODVILLE, MS",MS,08,31.22694444,-91.29555556,466.5798,timeseries_nonobs,Data/CAMELSH/timeseries_nonobs/07295000.nc,Hourly2/07295000_hourly.nc,82605,96432,0.8566139870582379,3159,26304,0.12009580291970803,25958,26304,0.9868461070559611,1.34,10,20261527.0,49.0,5.0,2.899882,1.30076257208324,0.0030597493544085,60.0,1.643412,0.6537532,29.13266
train,07300000,"Salt Fk Red Rv nr Wellington, TX",TX,11,34.95755294,-100.22094905,2871.576,timeseries,Data/CAMELSH/timeseries/07300000.nc,Hourly2/07300000_hourly.nc,93248,96432,0.9669819147171064,25752,26304,0.9790145985401459,25650,26304,0.9751368613138686,0.65,7,20261531.0,223.0,21.0,2.445502,4.14975863412122,0.0227924388015554,58.6319,2.816686,0.0054926285,28.77307
train,07300500,"Salt Fork Red River at Mangum, OK",OK,11,34.8583936,-99.5087008,3754.271,timeseries,Data/CAMELSH/timeseries/07300500.nc,Hourly2/07300500_hourly.nc,84681,96432,0.8781421105027377,16062,26304,0.6106295620437956,14427,26304,0.5484717153284672,2.13,7,20261531.0,223.0,21.0,2.381992,4.06317303594584,0.0207480965345287,57.24784,2.55387,0.0085239723,28.19396
train,07335700,"Kiamichi River near Big Cedar, OK",OK,11,34.63843694,-94.6127236,102.5696,timeseries,Data/CAMELSH/timeseries/07335700.nc,Hourly2/07335700_hourly.nc,94804,96432,0.983117637298822,24467,26304,0.9301627128953771,25451,26304,0.9675714720194647,0.29,10,20261531.0,223.0,21.0,17.35716,1.38273209872247,0.0159927370805816,38.42504,1.872188,0.96199133,19.92534
train,07362587,"Alum Fork Saline River near Reform, AR",AR,08,34.797591,-92.933507,69.7725,timeseries,Data/CAMELSH/timeseries/07362587.nc,Hourly2/07362587_hourly.nc,92993,96432,0.9643375642940103,24250,26304,0.9219130170316302,23335,26304,0.8871274330900243,4.3,10,20261527.0,49.0,5.0,10.62201,1.37025321738975,0.0193474262521828,36.67,1.9325,0.9600645,19.90771
train,07378500,"Amite River near Denham Springs, LA",LA,08,30.46407902,-90.99038,3449.547,timeseries,Data/CAMELSH/timeseries/07378500.nc,Hourly2/07378500_hourly.nc,92715,96432,0.9614547038327527,26207,26304,0.9963123479318735,26304,26304,1.0,0.45,8,20261527.0,49.0,5.0,1.320163,1.24194468710191,0.0012687276481416,59.96569,1.234745,0.31040927,27.785
train,08012000,"Bayou Nezpique near Basile, LA",LA,08,30.48077778,-92.63175,1308.219,timeseries,Data/CAMELSH/timeseries/08012000.nc,Hourly2/08012000_hourly.nc,81020,96432,0.8401775344284055,26184,26304,0.9954379562043796,26293,26304,0.9995818126520681,2.26,8,20261527.0,49.0,5.0,0.2411347,1.23075925666379,0.0023179873172287,59.99908,0.5394061,0.18569841950000002,28.60734
train,08019200,"Sabine Rv nr Hawkins, TX",TX,12,32.559864,-95.206614,5848.97,timeseries,Data/CAMELSH/timeseries/08019200.nc,Hourly2/08019200_hourly.nc,94900,96432,0.9841131574581052,26279,26304,0.9990495742092458,26304,26304,1.0,0.53,10,20261532.0,178.0,17.0,1.400651,2.0951232390726,0.0076617144675779,59.85278,1.429036,0.18684145900000002,14.26598
train,08019500,"Big Sandy Ck nr Big Sandy, TX",TX,12,32.60402912,-95.09160986,596.5461,timeseries,Data/CAMELSH/timeseries/08019500.nc,Hourly2/08019500_hourly.nc,84272,96432,0.8739007798241247,26302,26304,0.9999239659367397,26250,26304,0.9979470802919708,3.14,9,20261532.0,178.0,17.0,2.612399,1.99554168136843,0.0083098727374598,60.0,2.72316,0.391016398,22.86299
train,08028500,"Sabine Rv nr Bon Wier, TX",LA,12,30.74714557,-93.60850807,21439.34,timeseries,Data/CAMELSH/timeseries/08028500.nc,Hourly2/08028500_hourly.nc,94651,96432,0.9815310270449643,26184,26304,0.9954379562043796,26304,26304,1.0,0.6,10,20261532.0,178.0,17.0,1.970343,1.76638641889888,0.004211922031776,59.60001,1.773648,0.3424437,19.31834
train,08068400,"Panther Br at Gosling Rd, The Woodlands, TX",TX,12,30.192159,-95.483829,67.0005,timeseries,Data/CAMELSH/timeseries/08068400.nc,Hourly2/08068400_hourly.nc,94644,96432,0.9814584370333499,26232,26304,0.9972627737226277,26135,26304,0.9935751216545012,0.9,8,20261532.0,178.0,17.0,0.3868276,1.84432138337933,0.0019198495935231,60.0,3.363622,0.1910538,21.32763
train,08070500,"Caney Ck nr Splendora, TX",TX,12,30.25965789,-95.30243612,272.9007,timeseries,Data/CAMELSH/timeseries/08070500.nc,Hourly2/08070500_hourly.nc,95349,96432,0.9887692882030861,26016,26304,0.9890510948905109,26039,26304,0.9899254866180048,0.34,10,20261532.0,178.0,17.0,1.512842,1.89074559369743,0.0026530180592528,60.0,2.197418,0.287949787,25.92715
train,08085500,"Clear Fk Brazos Rv at Ft Griffin, TX",TX,12,32.93455573,-99.22452145,10425.37,timeseries,Data/CAMELSH/timeseries/08085500.nc,Hourly2/08085500_hourly.nc,92353,96432,0.9577007632321222,25895,26304,0.9844510340632603,26080,26304,0.9914841849148418,0.32,10,20261532.0,178.0,17.0,1.622448,3.85500876637476,0.0073727868004019,52.2697,1.180393,0.049467250399999996,9.974757
train,08123850,"Colorado Rv abv Silver, TX",TX,12,32.05374399,-100.76205196,38861.53,timeseries,Data/CAMELSH/timeseries/08123850.nc,Hourly2/08123850_hourly.nc,94440,96432,0.979342956694873,25933,26304,0.9858956812652068,26011,26304,0.9888610097323601,0.36,10,20261532.0,178.0,17.0,0.5984989,5.73430767246736,0.0094746225313421,58.83665,2.504337,0.0018067144,13.65844
train,08136000,"Concho Rv at San Angelo, TX",TX,12,31.45460602,-100.4106474,14295.38,timeseries,Data/CAMELSH/timeseries/08136000.nc,Hourly2/08136000_hourly.nc,93251,96432,0.967013024722084,25948,26304,0.9864659367396593,26300,26304,0.9998479318734793,0.35,9,20261532.0,178.0,17.0,1.818776,5.2595446032138,0.0042075956750401,41.21001,1.147255,0.00457769695,29.39412
train,08155240,"Barton Ck at Lost Ck Blvd nr Austin, TX",TX,12,30.274096,-97.84473,278.8713,timeseries_nonobs,Data/CAMELSH/timeseries_nonobs/08155240.nc,Hourly2/08155240_hourly.nc,91846,96432,0.9524431723909076,26096,26304,0.9920924574209246,26173,26304,0.9950197688564477,0.76,10,20261532.0,178.0,17.0,5.079991,3.1704562353476,0.0035085432609185,35.41317,0.8806077,0.48782503648000003,30.77536
train,08164800,"Placedo Ck nr Placedo, TX",TX,12,28.72527137,-96.76887018,172.1907,timeseries,Data/CAMELSH/timeseries/08164800.nc,Hourly2/08164800_hourly.nc,94957,96432,0.9847042475526796,26232,26304,0.9972627737226277,26228,26304,0.997110705596107,0.52,8,20261532.0,178.0,17.0,0.02217964,2.35655052127187,0.000859996673322,60.0,0.5042597,0.0256634158,14.09869
train,08166200,"Guadalupe Rv at Kerrville, TX",TX,12,30.053266,-99.163375,1259.104,timeseries,Data/CAMELSH/timeseries/08166200.nc,Hourly2/08166200_hourly.nc,94817,96432,0.9832524473203915,26174,26304,0.9950577858880778,26251,26304,0.997985097323601,2.95,9,20261532.0,178.0,17.0,4.892169,3.52316202707791,0.0039483971326978,18.93866,0.4924034,0.3874839341,58.67499
train,08171000,"Blanco Rv at Wimberley, TX",TX,12,29.99438081,-98.08889798,924.5476,timeseries_nonobs,Data/CAMELSH/timeseries_nonobs/08171000.nc,Hourly2/08171000_hourly.nc,93229,96432,0.9667848846855815,26293,26304,0.9995818126520681,26167,26304,0.9947916666666666,0.24,9,20261532.0,178.0,17.0,5.17869,2.9195270923837,0.0047937173819364,36.24384,0.9519425,0.3918838477,44.06541
train,08171300,"Blanco Rv nr Kyle, TX",TX,12,29.97938297,-97.91000511,1067.474,timeseries_nonobs,Data/CAMELSH/timeseries_nonobs/08171300.nc,Hourly2/08171300_hourly.nc,93640,96432,0.9710469553675128,25124,26304,0.955139902676399,26202,26304,0.9961222627737226,2.04,10,20261532.0,178.0,17.0,5.332537,2.9195270923837,0.0047937173819364,35.35361,0.9115412,0.42222034004000003,44.24335
train,08181480,"Leon Ck at IH 35 at San Antonio, TX",TX,12,29.32995837,-98.58418561,542.4213,timeseries,Data/CAMELSH/timeseries/08181480.nc,Hourly2/08181480_hourly.nc,92746,96432,0.9617761738841878,26131,26304,0.9934230535279805,26180,26304,0.9952858880778589,2.51,9,20261532.0,178.0,17.0,4.17357,3.1587062783347,0.0032696850305768,33.78938,0.7528164,0.36918913388999997,34.65604
train,08190000,"Nueces Rv at Laguna, TX",TX,12,29.42856679,-99.9972871,1961.433,timeseries_nonobs,Data/CAMELSH/timeseries_nonobs/08190000.nc,Hourly2/08190000_hourly.nc,92969,96432,0.9640886842541895,26249,26304,0.9979090632603407,25969,26304,0.987264294403893,0.48,8,20261532.0,178.0,17.0,9.822606,4.16084977216228,0.0021405677967412,20.51328,0.55564,0.37616999069,45.83159
train,08192000,"Nueces Rv bl Uvalde, TX",TX,12,29.12385307,-99.89478224,4797.515,timeseries,Data/CAMELSH/timeseries/08192000.nc,Hourly2/08192000_hourly.nc,91397,96432,0.9477870416459266,26254,26304,0.9980991484184915,26222,26304,0.9968826034063261,1.18,10,20261532.0,178.0,17.0,7.12872,4.4017726592099,0.0018736185773705,20.30791,0.8612322,0.22002079911,42.49059
train,08196000,"Dry Frio Rv nr Reagan Wells, TX",TX,12,29.50467576,-99.78144517,326.9781,timeseries_nonobs,Data/CAMELSH/timeseries_nonobs/08196000.nc,Hourly2/08196000_hourly.nc,86988,96432,0.9020657043305127,26299,26304,0.9998099148418491,26296,26304,0.9996958637469586,2.13,10,20261532.0,178.0,17.0,10.38298,4.0271701575759,0.0024170134569972,19.81355,0.4866054,0.6048267217,40.77872
train,08285500,"RIO CHAMA BELOW EL VADO DAM, NM",NM,13,36.58001504,-106.72392635,2247.896,timeseries,Data/CAMELSH/timeseries/08285500.nc,Hourly2/08285500_hourly.nc,95848,96432,0.9939439190310271,25986,26304,0.9879105839416058,25633,26304,0.9744905717761557,0.03,9,20261533.0,35.0,4.0,12.97151,2.78477018734453,0.341308340069685,50.88269,1.101689,0.44024163,51.66055
train,08319000,"RIO GRANDE AT SAN FELIPE, NM",NM,13,35.44420225,-106.44030392,40850.5,timeseries,Data/CAMELSH/timeseries/08319000.nc,Hourly2/08319000_hourly.nc,92911,96432,0.9634872241579558,25989,26304,0.9880246350364964,25939,26304,0.9861237834549879,1.32,9,20261533.0,35.0,4.0,13.71126,3.84601909029589,0.251507461483384,50.74489,3.869312,0.37505347200000005,61.81772
train,08382500,"GALLINAS R NR COLONIAS, NM",NM,13,35.18199671,-104.90027269,1618.996,timeseries,Data/CAMELSH/timeseries/08382500.nc,Hourly2/08382500_hourly.nc,84973,96432,0.8811701509872242,22317,26304,0.8484260948905109,25381,26304,0.9649102798053528,4.42,9,20261533.0,35.0,4.0,9.489071,4.86016212094431,0.0513398474426301,40.88422,1.307268,0.3182331967,42.64766
train,08390500,"RIO HONDO AT DIAMOND A RANCH NR ROSWELL, NM",NM,13,33.349264,-104.85191956,2449.408,timeseries,Data/CAMELSH/timeseries/08390500.nc,Hourly2/08390500_hourly.nc,92971,96432,0.9641094242575079,25087,26304,0.9537332725060828,25097,26304,0.9541134428223844,1.19,10,20261533.0,35.0,4.0,15.07661,5.14100119607043,0.0511338569059062,34.80254,1.10895,0.41778573399999996,32.58406
train,09073400,"ROARING FORK RIVER NEAR ASPEN, CO.",CO,14,39.17998755,-106.80198265,276.8967,timeseries,Data/CAMELSH/timeseries/09073400.nc,Hourly2/09073400_hourly.nc,86755,96432,0.899649493943919,22816,26304,0.8673965936739659,22735,26304,0.8643172141119222,2.7,10,20261534.0,30.0,4.0,36.11411,1.4698000754105,0.683532575054593,49.79357,7.424156,0.45016784899999995,63.04973
train,09080400,"FRYINGPAN RIVER NEAR RUEDI, CO.",CO,14,39.36554075,-106.82559476,612.899,timeseries,Data/CAMELSH/timeseries/09080400.nc,Hourly2/09080400_hourly.nc,95904,96432,0.9945246391239423,26184,26304,0.9954379562043796,25992,26304,0.9881386861313869,0.09,10,20261534.0,30.0,4.0,33.35883,1.49773736265457,0.630434592123973,50.79988,5.481002,0.66049584,63.94374
train,09211200,"GREEN RIVER BELOW FONTENELLE RESERVOIR, WY",WY,14,42.02105955,-110.04987554,10861.65,timeseries_nonobs,Data/CAMELSH/timeseries_nonobs/09211200.nc,Hourly2/09211200_hourly.nc,93948,96432,0.9742409158785466,26175,26304,0.995095802919708,26251,26304,0.997985097323601,0.29,9,20261534.0,30.0,4.0,13.3292,2.67142284454298,0.445084877133267,49.3182,3.306335,0.185868133,65.17772
train,09349800,"PIEDRA RIVER NEAR ARBOLES, CO.",CO,14,37.08833797,-107.39782606,1692.402,timeseries,Data/CAMELSH/timeseries/09349800.nc,Hourly2/09349800_hourly.nc,84232,96432,0.8734859797577568,22176,26304,0.843065693430657,23536,26304,0.8947688564476886,5.45,9,20261534.0,30.0,4.0,23.61288,2.19128026544096,0.338356996780674,42.33313,2.279813,0.73028013,63.90754
train,09400562,"ORAIBI WASH NEAR TOLANI LAKE, AZ",AZ,15,35.579729,-110.774027,1731.284,timeseries_nonobs,Data/CAMELSH/timeseries_nonobs/09400562.nc,Hourly2/09400562_hourly.nc,93837,96432,0.9730898456943753,25283,26304,0.9611846107055961,0,26304,0.0,3.17,8,20261535.0,60.0,7.0,7.948761,7.71598301122841,0.0509819291670658,40.94471,4.878926,0.19710609999999998,34.027
train,09406000,"VIRGIN RIVER AT VIRGIN, UT",UT,15,37.20414942,-113.18077894,2454.716,timeseries_nonobs,Data/CAMELSH/timeseries_nonobs/09406000.nc,Hourly2/09406000_hourly.nc,90251,96432,0.9359030197444832,25473,26304,0.9684078467153284,26204,26304,0.996198296836983,1.03,10,20261535.0,60.0,7.0,23.53111,4.50123741590241,0.126460505247657,37.94093,4.145805,0.585200809,76.16647
train,09447800,"BONITA CREEK NEAR MORENCI, AZ.",AZ,15,32.95561778,-109.53118763,781.9614,timeseries_nonobs,Data/CAMELSH/timeseries_nonobs/09447800.nc,Hourly2/09447800_hourly.nc,81311,96432,0.8431952049112328,26231,26304,0.9972247566909975,20189,26304,0.7675258515815085,1.04,10,20261535.0,60.0,7.0,15.86094,6.67789078502231,0.0041818709954789,44.03054,0.3100309,0.1455321,52.74203
train,09470800,"GARDEN CANYON NEAR FORT HUACHUCA, AZ.",AZ,15,31.472875,-110.347859,22.1517,timeseries_nonobs,Data/CAMELSH/timeseries_nonobs/09470800.nc,Hourly2/09470800_hourly.nc,89247,96432,0.9254915380786461,25219,26304,0.9587515206812652,24238,26304,0.9214568126520681,3.73,9,20261535.0,60.0,7.0,35.73801,5.02833492728992,0.011118693669587,34.40366,0.9653685,0.8949335,32.51034
train,09480000,"SANTA CRUZ RIVER NEAR LOCHIEL, AZ.",AZ,15,31.35537817,-110.58952639,213.381,timeseries_nonobs,Data/CAMELSH/timeseries_nonobs/09480000.nc,Hourly2/09480000_hourly.nc,93532,96432,0.9699269951883193,26301,26304,0.9998859489051095,5353,26304,0.2035051703163017,1.18,9,20261535.0,60.0,7.0,6.148032,5.83032878090755,0.0021807437543314,49.76807,1.139276,0.119422993,23.71239
train,09485000,"RINCON CREEK NEAR TUCSON, AZ.",AZ,15,32.12952258,-110.625914,115.4628,timeseries_nonobs,Data/CAMELSH/timeseries_nonobs/09485000.nc,Hourly2/09485000_hourly.nc,95060,96432,0.9857723577235772,26299,26304,0.9998099148418491,18650,26304,0.7090176399026764,0.77,10,20261535.0,60.0,7.0,23.3213,6.31308955126161,0.0072009120966509,18.17998,2.098432,0.33002841099999997,10.10393
train,09505800,"WEST CLEAR CREEK NEAR CAMP VERDE, AZ.",AZ,15,34.53863606,-111.69403564,614.9414,timeseries_nonobs,Data/CAMELSH/timeseries_nonobs/09505800.nc,Hourly2/09505800_hourly.nc,93057,96432,0.9650012444001991,26050,26304,0.9903436739659367,24739,26304,0.9405033454987834,1.44,9,20261535.0,60.0,7.0,10.61125,3.40284019638316,0.146663908260021,55.45573,1.522152,0.8344327,34.82094
train,10234500,"BEAVER RIVER NEAR BEAVER, UT",UT,16,38.28052642,-112.56827129,236.4192,timeseries,Data/CAMELSH/timeseries/10234500.nc,Hourly2/10234500_hourly.nc,79684,96432,0.826323212211714,22023,26304,0.8372490875912408,22221,26304,0.8447764598540146,3.75,10,20261536.0,64.0,7.0,24.22392,2.35704446565176,0.516880618110043,54.44982,2.333316,0.87225916,69.95534
train,10243700,"CLEVE C NR ELY, NV",NV,16,39.21657778,-114.5296389,83.4552,timeseries,Data/CAMELSH/timeseries/10243700.nc,Hourly2/10243700_hourly.nc,83828,96432,0.8692964990874399,23583,26304,0.8965556569343066,23240,26304,0.8835158150851582,7.95,10,20261536.0,64.0,7.0,39.952,4.60543906709177,0.452769715067839,30.21416,2.135798,0.6141187450000001,74.42642
train,10244950,"STEPTOE C NR ELY, NV",NV,16,39.20153889,-114.68916111,28.1961,timeseries,Data/CAMELSH/timeseries/10244950.nc,Hourly2/10244950_hourly.nc,89083,96432,0.9237908578065372,26302,26304,0.9999239659367397,26092,26304,0.9919403892944039,2.98,10,20261536.0,64.0,7.0,30.41141,3.80852643128876,0.425454361488979,31.16877,2.164159,0.732484259,76.18739
train,10251300,"AMARGOSA RIVER AT TECOPA, CA",CA,18,35.848577,-116.2300238,7995.516,timeseries,Data/CAMELSH/timeseries/10251300.nc,Hourly2/10251300_hourly.nc,87696,96432,0.9094076655052264,24733,26304,0.9402752433090025,26037,26304,0.9898494525547445,3.33,10,20261538.0,205.0,20.0,9.669273,17.8662550515297,0.0014664021072544,40.31326,7.070637,0.016992753862000002,10.81633
train,10256500,SNOW C NR WHITE WATER CA,CA,18,33.8705722,-116.681127,27.9792,timeseries_nonobs,Data/CAMELSH/timeseries_nonobs/10256500.nc,Hourly2/10256500_hourly.nc,89385,96432,0.9269225983076157,25147,26304,0.956014294403893,25151,26304,0.9561663625304136,2.2,10,20261538.0,205.0,20.0,55.23733,7.39287665454192,0.376093329369362,25.46716,7.499754,0.5546835138,52.10358
train,10259000,ANDREAS C NR PALM SPRINGS CA,CA,18,33.76002112,-116.55001547,22.4568,timeseries_nonobs,Data/CAMELSH/timeseries_nonobs/10259000.nc,Hourly2/10259000_hourly.nc,96389,96432,0.9995540899286544,26085,26304,0.9916742700729927,26304,26304,1.0,0.24,9,20261538.0,205.0,20.0,46.01556,18.7739603490467,0.0,23.95051,6.682422,0.17657903560000002,49.39843
train,10309000,"EAST FORK CARSON RIVER NEAR GARDNERVILLE, NV",NV,16,38.84490639,-119.70461894,925.4421,timeseries,Data/CAMELSH/timeseries/10309000.nc,Hourly2/10309000_hourly.nc,89844,96432,0.9316824290691886,23336,26304,0.8871654501216545,22392,26304,0.8512773722627737,2.36,9,20261536.0,64.0,7.0,27.74875,2.31839648194029,0.402422579952086,35.71332,6.296446,0.37672245672000004,68.6377
train,10310000,"WEST FORK CARSON RIVER AT WOODFORDS, CA",CA,16,38.76962765,-119.83378908,169.3294,timeseries,Data/CAMELSH/timeseries/10310000.nc,Hourly2/10310000_hourly.nc,92908,96432,0.9634561141529783,24047,26304,0.9141955596107056,23964,26304,0.9110401459854015,0.56,10,20261536.0,64.0,7.0,24.52171,1.47662147003277,0.663151689175749,27.35514,12.30062,0.4159017236,68.63298
train,10311400,"CARSON RIVER AT DEER RUN ROAD NEAR CARSON CITY, NV",NV,16,39.18137778,-119.69486944,2482.893,timeseries_nonobs,Data/CAMELSH/timeseries_nonobs/10311400.nc,Hourly2/10311400_hourly.nc,91462,96432,0.9484610917537747,25374,26304,0.9646441605839416,25239,26304,0.9595118613138686,3.71,10,20261536.0,64.0,7.0,20.24212,3.16167115754473,0.286031536918702,39.41613,6.163442,0.22195611392,67.83263
train,10322150,"MARYS CK AT CARLIN, NV",NV,16,40.71047,-116.12591,116.5977,timeseries_nonobs,Data/CAMELSH/timeseries_nonobs/10322150.nc,Hourly2/10322150_hourly.nc,91894,96432,0.9529409324705492,24692,26304,0.9387165450121655,26270,26304,0.9987074209245742,5.45680033071517,10,20261536.0,64.0,7.0,11.73432,6.4223601168233,0.171614561653346,49.49158,2.079025,0.00851389,63.14938
train,11025500,SANTA YSABEL C NR RAMONA CA,CA,18,33.1069866,-116.86613711,288.747,timeseries_nonobs,Data/CAMELSH/timeseries_nonobs/11025500.nc,Hourly2/11025500_hourly.nc,92284,96432,0.9569852331176373,25798,26304,0.9807633819951338,26154,26304,0.9942974452554745,1.47,10,20261538.0,205.0,20.0,20.22359,3.8332317329145,0.0,36.08793,3.041814,0.1612598516,32.21884
train,11028500,SANTA MARIA C NR RAMONA CA,CA,18,33.0522655,-116.94558439,146.3067,timeseries_nonobs,Data/CAMELSH/timeseries_nonobs/11028500.nc,Hourly2/11028500_hourly.nc,96005,96432,0.9955720092915215,25669,26304,0.9758591849148418,25909,26304,0.9849832725060828,0.37,9,20261538.0,205.0,20.0,8.686578,4.94383922521434,0.0,38.44258,2.460811,0.00617606769,26.79833
train,11042400,TEMECULA C NR AGUANGA CA,CA,18,33.45919759,-116.9236357,342.2421,timeseries_nonobs,Data/CAMELSH/timeseries_nonobs/11042400.nc,Hourly2/11042400_hourly.nc,87180,96432,0.9040567446490791,25867,26304,0.9833865571776156,26301,26304,0.9998859489051095,2.16,10,20261538.0,205.0,20.0,17.0298,5.24647798409121,0.0013072176522332,28.85953,6.632184,0.1457389435,34.49171
train,11044350,SANDIA C NR FALLBROOK CA,CA,18,33.424473,-117.249202,54.36,timeseries_nonobs,Data/CAMELSH/timeseries_nonobs/11044350.nc,Hourly2/11044350_hourly.nc,96068,96432,0.9962253193960511,25580,26304,0.9724756690997567,25224,26304,0.958941605839416,5.37,9,20261538.0,205.0,20.0,15.07232,5.42019688700308,0.0,20.28378,2.90579,0.0347516566,28.26505
train,11063510,CAJON C BL LONE PINE C NR KEENBROOK CA,CA,18,34.2633392,-117.46699443,144.5151,timeseries_nonobs,Data/CAMELSH/timeseries_nonobs/11063510.nc,Hourly2/11063510_hourly.nc,82567,96432,0.8562199269951883,24252,26304,0.9219890510948905,25375,26304,0.9646821776155717,8.07,9,20261538.0,205.0,20.0,22.43061,3.85786186768073,0.10580401357122,46.04588,6.137666,0.10114464999999999,50.68906
train,11070500,SAN JACINTO R NR ELSINORE CA,CA,18,33.66418858,-117.29392703,1879.106,timeseries_nonobs,Data/CAMELSH/timeseries_nonobs/11070500.nc,Hourly2/11070500_hourly.nc,96250,96432,0.9981126596980255,26242,26304,0.9976429440389294,26303,26304,0.9999619829683698,0.19,10,20261538.0,205.0,20.0,12.55431,6.78984965020567,6.04554026386712e-05,37.38161,4.837177,0.08504554941,25.85066
train,11106550,CALLEGUAS C NR CAMARILLO CA,CA,18,34.17944989,-119.03982418,647.2755,timeseries_nonobs,Data/CAMELSH/timeseries_nonobs/11106550.nc,Hourly2/11106550_hourly.nc,78218,96432,0.8111207897793263,26277,26304,0.9989735401459854,24809,26304,0.9431645377128953,0.08,10,20261538.0,205.0,20.0,12.82851,5.92173543313104,0.0,37.79525,2.559475,0.010731442660999999,34.85192
train,11136800,CUYAMA R BL BUCKHORN CYN NR SANTA MARIA CA,CA,18,35.0219213,-120.22848682,2277.98,timeseries_nonobs,Data/CAMELSH/timeseries_nonobs/11136800.nc,Hourly2/11136800_hourly.nc,92132,96432,0.9554089928654389,26254,26304,0.9980991484184915,25800,26304,0.9808394160583942,6.92,10,20261538.0,205.0,20.0,19.3404,6.43906123057028,0.0009423760568678,26.55767,1.435475,0.14112936434,40.37003
train,11152300,SALINAS R NR CHUALAR CA,CA,18,36.55551709,-121.54966345,11555.71,timeseries_nonobs,Data/CAMELSH/timeseries_nonobs/11152300.nc,Hourly2/11152300_hourly.nc,90497,96432,0.9384540401526464,25634,26304,0.9745285888077859,24213,26304,0.9205063868613139,4.58,7,20261538.0,205.0,20.0,14.87959,5.92080117268281,0.0,35.42021,1.619423,0.1245270975,32.81354
train,11157500,TRES PINOS C NR TRES PINOS CA,CA,18,36.7646807,-121.29687529,540.0675,timeseries_nonobs,Data/CAMELSH/timeseries_nonobs/11157500.nc,Hourly2/11157500_hourly.nc,91178,96432,0.9455160112825618,25754,26304,0.9790906326034063,26125,26304,0.9931949513381995,2.17,10,20261538.0,205.0,20.0,19.0082,5.99931700330512,2.37087985755824e-05,32.17218,0.9344845,0.06577344779,34.51139
train,11181000,SAN LORENZO C A HAYWARD CA,CA,18,37.68548644,-122.064407,97.96049,timeseries_nonobs,Data/CAMELSH/timeseries_nonobs/11181000.nc,Hourly2/11181000_hourly.nc,90431,96432,0.9377696200431392,25509,26304,0.9697764598540146,26212,26304,0.9965024330900243,2.33,9,20261538.0,205.0,20.0,20.86221,4.14399941298374,0.0,25.319,1.2735,0.40970186426,25.84446
train,11284400,BIG C AB WHITES GULCH NR GROVELAND CA,CA,18,37.84187143,-120.18491032,41.7168,timeseries_nonobs,Data/CAMELSH/timeseries_nonobs/11284400.nc,Hourly2/11284400_hourly.nc,95788,96432,0.993321718931475,26292,26304,0.9995437956204379,26273,26304,0.9988214720194647,0.14,10,20261538.0,205.0,20.0,13.5624,2.48862755833624,0.0024949050081831,34.0665,1.314,0.53917844,48.48107
train,11465680,LAGUNA DE SANTA ROSA A STONY PT RD NR COTATI CA,CA,18,38.352137,-122.744155,107.3151,timeseries_nonobs,Data/CAMELSH/timeseries_nonobs/11465680.nc,Hourly2/11465680_hourly.nc,91092,96432,0.9446241911398706,25049,26304,0.9522886253041363,26301,26304,0.9998859489051095,2.28,9,20261538.0,205.0,20.0,6.003075,2.0111823609905,0.0,45.29374,1.26825,0.064408458,26.41316
train,11466320,SANTA ROSA C A WILLOWSIDE RD NR SANTA ROSA CA,CA,18,38.44519,-122.807213,199.3878,timeseries,Data/CAMELSH/timeseries/11466320.nc,Hourly2/11466320_hourly.nc,91011,96432,0.9437842210054753,25797,26304,0.9807253649635036,26142,26304,0.9938412408759124,3.64,10,20261538.0,205.0,20.0,12.23272,1.92805291814606,0.0,39.12579,1.140404,0.25356365000000003,28.71259
train,11507500,"LINK RIVER AT KLAMATH FALLS, OR",OR,18,42.223478,-121.794171,9786.505,timeseries_nonobs,Data/CAMELSH/timeseries_nonobs/11507500.nc,Hourly2/11507500_hourly.nc,95911,96432,0.9945972291355567,26252,26304,0.9980231143552312,26059,26304,0.9906858272506083,0.91,9,20261538.0,205.0,20.0,7.705617,2.40291065846187,0.221937062586128,53.59318,7.944792,0.5923724558,77.17585
train,11517500,SHASTA R NR YREKA CA,CA,18,41.82291794,-122.59558128,2047.286,timeseries_nonobs,Data/CAMELSH/timeseries_nonobs/11517500.nc,Hourly2/11517500_hourly.nc,96081,96432,0.9963601294176208,26203,26304,0.9961602798053528,26184,26304,0.9954379562043796,0.1,9,20261538.0,205.0,20.0,15.52161,2.59077815493931,0.0818155457907075,46.75224,3.113306,0.36196881500000005,72.43843
train,11521500,INDIAN C NR HAPPY CAMP CA,CA,18,41.83512325,-123.38311135,309.6648,timeseries_nonobs,Data/CAMELSH/timeseries_nonobs/11521500.nc,Hourly2/11521500_hourly.nc,91575,96432,0.9496329019412643,26251,26304,0.997985097323601,26157,26304,0.994411496350365,0.27,10,20261538.0,205.0,20.0,35.85977,1.07909289105392,0.061066476129048,35.35775,2.407366,0.8002336699999999,52.09787
train,12079000,"DESCHUTES RIVER NEAR RAINIER, WA",WA,17,46.85204488,-122.6687354,224.0991,timeseries_nonobs,Data/CAMELSH/timeseries_nonobs/12079000.nc,Hourly2/12079000_hourly.nc,91633,96432,0.9502343620374979,26076,26304,0.9913321167883211,26180,26304,0.9952858880778589,1.37,8,20261537.0,377.0,36.0,21.13628,0.652663935978107,0.0243671865611157,52.53045,3.963922,0.59357265,57.20841
train,12086500,"NISQUALLY RIVER AT LA GRANDE, WA",WA,17,46.84343705,-122.33066993,760.1563,timeseries_nonobs,Data/CAMELSH/timeseries_nonobs/12086500.nc,Hourly2/12086500_hourly.nc,95691,96432,0.9923158287705326,26111,26304,0.9926627128953771,26158,26304,0.9944495133819952,0.58,9,20261537.0,377.0,36.0,30.41576,0.567998133474412,0.111002577973985,53.42625,5.99285,0.68413179,59.34118
train,12117000,"TAYLOR CREEK NEAR SELLECK, WA",WA,17,47.38649132,-121.84622172,44.85363,timeseries_nonobs,Data/CAMELSH/timeseries_nonobs/12117000.nc,Hourly2/12117000_hourly.nc,89132,96432,0.924298987887838,26010,26304,0.9888229927007299,26155,26304,0.9943354622871047,1.36,10,20261537.0,377.0,36.0,24.33697,0.571139703027022,0.0332215731693426,55.23521,4.182763,0.902489892,60.40018
train,12155300,"PILCHUCK RIVER NEAR SNOHOMISH, WA",WA,17,47.93482,-122.073185,333.4392,timeseries,Data/CAMELSH/timeseries/12155300.nc,Hourly2/12155300_hourly.nc,95223,96432,0.9874626679940269,26184,26304,0.9954379562043796,26301,26304,0.9998859489051095,4.28,9,20261537.0,377.0,36.0,12.12745,0.759607173583974,0.0071412317951097,55.61716,2.288936,0.6379424,52.98241
train,12201500,"SAMISH RIVER NEAR BURLINGTON, WA",WA,17,48.54594127,-122.3382169,224.1675,timeseries_nonobs,Data/CAMELSH/timeseries_nonobs/12201500.nc,Hourly2/12201500_hourly.nc,95063,96432,0.9858034677285549,25871,26304,0.9835386253041363,26299,26304,0.9998099148418491,0.75,9,20261537.0,377.0,36.0,17.60133,0.504926466253678,0.0094279679709195,56.32926,4.725288,0.6531768,52.7614
train,12342500,West Fork Bitterroot River nr Conner MT,MT,17,45.72491806,-114.281475,820.0926,timeseries_nonobs,Data/CAMELSH/timeseries_nonobs/12342500.nc,Hourly2/12342500_hourly.nc,96174,96432,0.9973245395719263,26231,26304,0.9972247566909975,26088,26304,0.9917883211678832,1.41,10,20261537.0,377.0,36.0,34.10799,1.62211247732381,0.459470893161676,58.35555,4.848679,0.7171038,71.11395
train,12370000,Swan River near Bigfork MT,MT,17,48.0243961,-113.9798289,1715.115,timeseries_nonobs,Data/CAMELSH/timeseries_nonobs/12370000.nc,Hourly2/12370000_hourly.nc,95338,96432,0.9886552181848349,25967,26304,0.9871882603406326,26217,26304,0.9966925182481752,0.32,9,20261537.0,377.0,36.0,25.81877,1.22193385310997,0.341095752472625,52.08927,2.220561,0.8083762956,73.72675
train,12372000,Flathead River near Polson MT,MT,17,47.6802158,-114.246788,16725.67,timeseries_nonobs,Data/CAMELSH/timeseries_nonobs/12372000.nc,Hourly2/12372000_hourly.nc,95752,96432,0.9929483988717438,25975,26304,0.9874923965936739,26301,26304,0.9998859489051095,0.01,7,20261537.0,377.0,36.0,28.64548,1.28922540749609,0.352296548398165,50.55038,2.393183,0.7028135980000001,71.57043
train,12390700,Prospect Creek at Thompson Falls MT,MT,17,47.5860461,-115.355153,470.2338,timeseries,Data/CAMELSH/timeseries/12390700.nc,Hourly2/12390700_hourly.nc,94526,96432,0.9802347768375643,25530,26304,0.9705748175182481,26177,26304,0.9951718369829684,1.52,10,20261537.0,377.0,36.0,37.8767,1.28338802153651,0.2726409262112,57.37192,3.096577,0.9173273000000001,69.54495
train,12413370,EF PINE CREEK ABV NABOB CR NEAR PINEHURST ID,ID,17,47.476667,-116.221667,74.1688,timeseries_nonobs,Data/CAMELSH/timeseries_nonobs/12413370.nc,Hourly2/12413370_hourly.nc,95495,96432,0.9902833084453293,26203,26304,0.9961602798053528,26133,26304,0.9934990875912408,0.73,9,20261537.0,377.0,36.0,41.58732,1.27874534882941,0.234081710327136,55.4703,1.752771,0.7285038134,65.18369
train,12422500,"SPOKANE RIVER AT SPOKANE, WA",WA,17,47.65933545,-117.44910293,11100.44,timeseries_nonobs,Data/CAMELSH/timeseries_nonobs/12422500.nc,Hourly2/12422500_hourly.nc,96037,96432,0.9959038493446158,24477,26304,0.9305428832116789,26134,26304,0.993537104622871,0.03,10,20261537.0,377.0,36.0,27.00962,1.38934122875799,0.181119865730743,55.87473,3.351879,0.7171311023,64.39316
train,12451000,"STEHEKIN RIVER AT STEHEKIN, WA",WA,17,48.32958017,-120.69176685,830.5974,timeseries_nonobs,Data/CAMELSH/timeseries_nonobs/12451000.nc,Hourly2/12451000_hourly.nc,91806,96432,0.9520283723245395,25940,26304,0.9861618004866181,25484,26304,0.9688260340632603,1.21,10,20261537.0,377.0,36.0,55.79462,0.688708881660968,0.444216705547598,49.78653,2.775643,0.48342154299999995,64.2464
train,12459000,"WENATCHEE RIVER AT PESHASTIN, WA",WA,17,47.5831777,-120.61953065,2587.774,timeseries_nonobs,Data/CAMELSH/timeseries_nonobs/12459000.nc,Hourly2/12459000_hourly.nc,90567,96432,0.9391799402687905,25381,26304,0.9649102798053528,25710,26304,0.9774178832116789,0.87,9,20261537.0,377.0,36.0,42.34433,0.937149113744414,0.324593801559495,52.09714,3.624634,0.654017154,68.29809
train,12510500,"YAKIMA RIVER AT KIONA, WA",WA,17,46.25346748,-119.47807939,14536.2,timeseries_nonobs,Data/CAMELSH/timeseries_nonobs/12510500.nc,Hourly2/12510500_hourly.nc,85408,96432,0.8856811017089763,26085,26304,0.9916742700729927,23801,26304,0.9048433698296837,0.43,10,20261537.0,377.0,36.0,17.23489,2.45747934362388,0.147878709025218,46.47652,2.239493,0.3128312263,67.05473
train,13037500,SNAKE RIVER NR HEISE ID,ID,17,43.6125,-111.66,14858.54,timeseries_nonobs,Data/CAMELSH/timeseries_nonobs/13037500.nc,Hourly2/13037500_hourly.nc,82003,96432,0.8503712460593994,22300,26304,0.8477798053527981,24341,26304,0.9253725669099757,1.91,9,20261537.0,377.0,36.0,22.29341,1.57760859723439,0.516091129237162,43.12855,4.04896,0.48646476800000005,76.45418
train,13112000,CAMAS CREEK AT CAMAS ID,ID,17,44.00277778,-112.221111,947.232,timeseries_nonobs,Data/CAMELSH/timeseries_nonobs/13112000.nc,Hourly2/13112000_hourly.nc,85705,96432,0.8887609922017587,26232,26304,0.9972627737226277,26303,26304,0.9999619829683698,2.31,8,20261537.0,377.0,36.0,6.889837,2.47844040012367,0.284651068921286,43.34859,3.788428,0.21916520760000002,67.08862
train,13246000,NF PAYETTE RIVER NR BANKS ID,ID,17,44.11378086,-116.10790413,2392.131,timeseries_nonobs,Data/CAMELSH/timeseries_nonobs/13246000.nc,Hourly2/13246000_hourly.nc,88644,96432,0.9192384270781483,24902,26304,0.9467001216545012,24655,26304,0.9373099148418491,2.53,10,20261537.0,377.0,36.0,17.79871,1.54590695780831,0.32425873893558,45.55443,10.78916,0.550064093,64.72812
train,13251000,PAYETTE RIVER NR PAYETTE ID,ID,17,44.04222222,-116.92527778,8534.454,timeseries_nonobs,Data/CAMELSH/timeseries_nonobs/13251000.nc,Hourly2/13251000_hourly.nc,93773,96432,0.9724261655881865,25339,26304,0.9633135644768857,25638,26304,0.9746806569343066,0.66,9,20261537.0,377.0,36.0,22.73754,1.89985234662577,0.257396682914099,44.36054,8.793977,0.451091709,65.96931
train,13292000,"IMNAHA RIVER AT IMNAHA, OR",OR,17,45.5623784,-116.83431775,1622.087,timeseries_nonobs,Data/CAMELSH/timeseries_nonobs/13292000.nc,Hourly2/13292000_hourly.nc,92418,96432,0.9583748133399701,23136,26304,0.8795620437956204,0,26304,0.0,1.22,9,20261537.0,377.0,36.0,30.77655,1.97627248752285,0.190980237630921,37.05896,1.090224,0.5006589258590001,69.04662
train,13324300,"LOOKINGGLASS CREEK NEAR LOOKING GLASS, OR.",OR,17,45.73180826,-117.86493085,198.8784,timeseries_nonobs,Data/CAMELSH/timeseries_nonobs/13324300.nc,Hourly2/13324300_hourly.nc,79354,96432,0.8229011116641779,0,26304,0.0,0,26304,0.0,6.65,10,20261537.0,377.0,36.0,17.73122,1.56278772760066,0.191184433364186,41.3928,1.355574,0.9278881,64.76412
train,13334450,"ASOTIN CREEK BELOW CONFLUENCE NEAR ASOTIN, WA",WA,17,46.273611,-117.291389,269.8056,timeseries_nonobs,Data/CAMELSH/timeseries_nonobs/13334450.nc,Hourly2/13334450_hourly.nc,83347,96432,0.8643085282893646,25178,26304,0.9571928223844283,25529,26304,0.9705368004866181,4.23,10,20261537.0,377.0,36.0,30.26715,2.51415131178244,0.138139842557322,35.91342,0.9720925,0.51924054352,63.41819
train,14087400,"CROOKED RIVER BELOW OPAL SPRINGS, NEAR CULVER, OR",OR,17,44.49234074,-121.29837702,11810.18,timeseries_nonobs,Data/CAMELSH/timeseries_nonobs/14087400.nc,Hourly2/14087400_hourly.nc,96214,96432,0.9977393396382943,26277,26304,0.9989735401459854,26300,26304,0.9998479318734793,0.23,9,20261537.0,377.0,36.0,8.601798,4.27452944653304,0.163146235310093,37.08094,3.003038,0.18864360000000002,68.91092
train,14103000,"DESCHUTES RIVER AT MOODY, NEAR BIGGS, OR",OR,17,45.62206783,-120.90256467,27772.14,timeseries_nonobs,Data/CAMELSH/timeseries_nonobs/14103000.nc,Hourly2/14103000_hourly.nc,96192,96432,0.9975111996017919,26300,26304,0.9998479318734793,26204,26304,0.996198296836983,0.04,9,20261537.0,377.0,36.0,10.01122,3.02027104755868,0.151253143817485,41.58425,4.048326,0.3253235176,75.98329
train,14138800,"BLAZED ALDER CREEK NEAR RHODODENDRON, OREG.",OR,17,45.45261834,-121.89146841,21.2886,timeseries_nonobs,Data/CAMELSH/timeseries_nonobs/14138800.nc,Hourly2/14138800_hourly.nc,91971,96432,0.9537394225983076,25296,26304,0.9616788321167883,26006,26304,0.9886709245742092,1.32,10,20261537.0,377.0,36.0,25.88191,0.492226371837408,0.102293638001804,41.28706,3.274697,0.9165469284,55.09275
train,14150000,"MIDDLE FORK WILLAMETTE RIVER NEAR DEXTER, OREG.",OR,17,43.9456815,-122.83729674,2605.191,timeseries_nonobs,Data/CAMELSH/timeseries_nonobs/14150000.nc,Hourly2/14150000_hourly.nc,87586,96432,0.9082669653227144,26195,26304,0.9958561435523114,26229,26304,0.9971487226277372,0.0,10,20261537.0,377.0,36.0,28.20367,0.88571730160994,0.0995881585155045,46.57203,2.358582,0.8198245850000001,69.75157
train,14151000,"FALL CREEK BLW WINBERRY CREEK, NEAR FALL CREEK, OR",OR,17,43.94429299,-122.77479401,481.0788,timeseries_nonobs,Data/CAMELSH/timeseries_nonobs/14151000.nc,Hourly2/14151000_hourly.nc,96025,96432,0.9957794093247055,24682,26304,0.9383363746958637,26293,26304,0.9995818126520681,0.1,10,20261537.0,377.0,36.0,29.15118,0.943233732844345,0.017507144193874,46.4387,1.331546,0.866913463,56.86019
train,14163900,"MCKENZIE RIVER NEAR WALTERVILLE, OR",OR,17,44.069849,-122.771187,2808.228,timeseries_nonobs,Data/CAMELSH/timeseries_nonobs/14163900.nc,Hourly2/14163900_hourly.nc,95294,96432,0.9881989381118301,25818,26304,0.9815237226277372,25897,26304,0.9845270681265207,0.91,9,20261537.0,377.0,36.0,26.3069,0.727863846129104,0.114876220499834,45.99891,2.831498,0.8166305660000001,65.66378
train,14165000,"MOHAWK RIVER NEAR SPRINGFIELD, OR",OR,17,44.09290317,-122.95730517,460.1817,timeseries_nonobs,Data/CAMELSH/timeseries_nonobs/14165000.nc,Hourly2/14165000_hourly.nc,94744,96432,0.9824954371992699,24725,26304,0.9399711070559611,25911,26304,0.985059306569343,1.14,10,20261537.0,377.0,36.0,18.50368,1.01091882369421,0.0038353771448875,47.80882,1.17432,0.651596995,47.43036
train,14181500,"NORTH SANTIAM RIVER AT NIAGARA, OR",OR,17,44.75262194,-122.29841204,1170.957,timeseries_nonobs,Data/CAMELSH/timeseries_nonobs/14181500.nc,Hourly2/14181500_hourly.nc,95961,96432,0.9951157292185167,26183,26304,0.9953999391727494,26224,26304,0.9969586374695864,0.04,10,20261537.0,377.0,36.0,30.12888,0.656484556903248,0.160386939664263,47.20879,4.821063,0.8073982436,68.17364
train,14201300,"ZOLLNER CREEK NEAR MT ANGEL, OR",OR,17,45.100398,-122.82176,38.8514,timeseries,Data/CAMELSH/timeseries/14201300.nc,Hourly2/14201300_hourly.nc,83855,96432,0.8695764891322383,24358,26304,0.9260188564476886,24186,26304,0.9194799270072993,14.12,9,20261537.0,377.0,36.0,1.375612,1.12469803564121,0.0013018923016551,58.64761,1.095192,0.0132743331,50.83435
train,14201340,"PUDDING RIVER NEAR WOODBURN, OR",OR,17,45.151231,-122.80426,819.297,timeseries,Data/CAMELSH/timeseries/14201340.nc,Hourly2/14201340_hourly.nc,91805,96432,0.9520180023228804,26101,26304,0.9922825425790754,26106,26304,0.9924726277372263,3.88,9,20261537.0,377.0,36.0,7.91847,0.91894204176818,0.0023494174425332,50.94235,1.129777,0.225289694,51.43165
train,14206950,"FANNO CREEK AT DURHAM, OR",OR,17,45.403452,-122.754819,80.7422,timeseries,Data/CAMELSH/timeseries/14206950.nc,Hourly2/14206950_hourly.nc,84044,96432,0.8715364194458272,25918,26304,0.9853254257907542,25928,26304,0.985705596107056,5.52,9,20261537.0,377.0,36.0,5.872259,1.14737888420867,0.0038379445251829,58.52674,1.012594,0.082594981,45.50491
train,14243000,"COWLITZ RIVER AT CASTLE ROCK, WA",WA,17,46.2748332,-122.9145587,5774.026,timeseries,Data/CAMELSH/timeseries/14243000.nc,Hourly2/14243000_hourly.nc,90971,96432,0.9433694209391074,26246,26304,0.9977950121654501,26301,26304,0.9998859489051095,0.04,10,20261537.0,377.0,36.0,26.2478,0.599356049173797,0.0693350279133494,55.20205,4.503509,0.6366099,59.65948
train,14307620,"SIUSLAW RIVER NEAR MAPLETON, OR",OR,17,44.06234317,-123.88316586,1529.37,timeseries_nonobs,Data/CAMELSH/timeseries_nonobs/14307620.nc,Hourly2/14307620_hourly.nc,80209,96432,0.8317674630827941,26304,26304,1.0,26302,26304,0.9999239659367397,1.49,10,20261537.0,377.0,36.0,26.55725,0.889201672343456,0.0014752337760283,43.82224,2.412041,0.7378403,40.51854
train,14312500,"LAKE CREEK NEAR DIAMOND, LAKE, OR",OR,17,43.1865148,-122.1664212,139.536,timeseries_nonobs,Data/CAMELSH/timeseries_nonobs/14312500.nc,Hourly2/14312500_hourly.nc,94941,96432,0.9845383275261324,25784,26304,0.9802311435523114,26006,26304,0.9886709245742092,0.64,9,20261537.0,377.0,36.0,10.89184,0.979538535920551,0.404229810066441,54.85699,6.954782,0.8242324999999999,79.12794
train,14316700,"STEAMBOAT CREEK NEAR GLIDE, OR",OR,17,43.34984202,-122.72894154,587.8989,timeseries_nonobs,Data/CAMELSH/timeseries_nonobs/14316700.nc,Hourly2/14316700_hourly.nc,91423,96432,0.9480566616890659,26209,26304,0.9963883819951338,26272,26304,0.9987834549878345,1.23,10,20261537.0,377.0,36.0,34.4037,0.993409607683489,0.0558823137137308,48.47669,2.284723,0.8724274898000001,60.96632
validation,01175670,"SEVENMILE RIVER NEAR SPENCER, MA",MA,01,42.26509194,-72.0047972,23.9517,timeseries_nonobs,Data/CAMELSH/timeseries_nonobs/01175670.nc,Hourly2/01175670_hourly.nc,83811,96432,0.8691202090592335,23442,26304,0.8911952554744526,23088,26304,0.8777372262773723,9.86,9,20262520.0,175.0,2.0,6.076731,1.08395523752276,0.112455657032929,55.56047,4.967591,0.68778413,51.77184
validation,01194500,"EAST BRANCH EIGHTMILE RIVER NEAR NORTH LYME, CT.",CT,01,41.4278762,-72.33424967,58.1454,timeseries_nonobs,Data/CAMELSH/timeseries_nonobs/01194500.nc,Hourly2/01194500_hourly.nc,73131,96432,0.7583685913389746,24547,26304,0.9332040754257908,24389,26304,0.9271973844282239,1.31,10,20262520.0,175.0,2.0,5.085099,1.20440342754869,0.0569777560601364,52.22338,4.753971,0.7045475729999999,49.71082
validation,01595800,"NORTH BRANCH POTOMAC RIVER AT BARNUM, WV",MD,02,39.44511111,-79.11080556,693.8811,timeseries_nonobs,Data/CAMELSH/timeseries_nonobs/01595800.nc,Hourly2/01595800_hourly.nc,63498,96432,0.6584743653558984,26301,26304,0.9998859489051095,25906,26304,0.9848692214111923,0.0,10,20262521.0,349.0,2.0,11.51367,1.202946429296,0.124691605820605,38.34251,4.983881,0.78326904,40.42808
validation,02016500,"JAMES RIVER AT LICK RUN, VA",VA,02,37.77374009,-79.78449253,3558.252,timeseries,Data/CAMELSH/timeseries/02016500.nc,Hourly2/02016500_hourly.nc,95160,96432,0.9868093578894973,26110,26304,0.9926246958637469,26183,26304,0.9953999391727494,0.27,10,20262521.0,349.0,2.0,20.16796,1.51044271730327,0.0684685163120377,36.04406,5.395133,0.8755874699999999,42.51969
validation,02296260,CHARLIE CREEK NEAR CREWSVILLE FL,FL,03,27.459484,-81.678413,496.6614,timeseries,Data/CAMELSH/timeseries/02296260.nc,Hourly2/02296260_hourly.nc,53733,96432,0.5572112991538078,26280,26304,0.9990875912408759,26232,26304,0.9972627737226277,0.83,9,20262522.0,271.0,2.0,0.1507682,1.71115289294623,0.0,58.47728,10.89596,0.015083919999999999,50.41995
validation,02453000,BLACKWATER CREEK NEAR MANCHESTER AL,AL,03,33.90843985,-87.25695144,471.1806,timeseries,Data/CAMELSH/timeseries/02453000.nc,Hourly2/02453000_hourly.nc,96278,96432,0.9984030197444832,26228,26304,0.997110705596107,26196,26304,0.9958941605839416,0.23,10,20262522.0,271.0,2.0,4.847794,1.23081575843866,0.0070225140512089,33.86107,2.451589,0.5495937,32.12135
validation,03202000,Raccoon Creek at Adamsville OH,OH,05,38.85896721,-82.36181996,1516.253,timeseries,Data/CAMELSH/timeseries/03202000.nc,Hourly2/03202000_hourly.nc,87207,96432,0.9043367346938775,26038,26304,0.9898874695863747,23669,26304,0.8998251216545012,2.19,8,20262524.0,340.0,2.0,8.080958,1.48495687354928,0.0442815169637244,44.06657,1.655669,0.7072465954,29.7123
validation,03277300,"NORTH FORK KENTUCKY RIVER AT WHITESBURG, KY",KY,05,37.117598,-82.824604,172.4607,timeseries_nonobs,Data/CAMELSH/timeseries_nonobs/03277300.nc,Hourly2/03277300_hourly.nc,89088,96432,0.9238427078148332,26098,26304,0.992168491484185,25867,26304,0.9833865571776156,5.13,10,20262524.0,340.0,2.0,26.13267,1.40313063296129,0.033773113239271,38.64901,2.511118,0.7572107730000001,34.32692
validation,03491544,"CROCKETT CREEK BELOW ROGERSVILLE, TN",TN,06,36.37982,-83.04655,12.3894,timeseries,Data/CAMELSH/timeseries/03491544.nc,Hourly2/03491544_hourly.nc,26538,96432,0.27519910403185666,25978,26304,0.9876064476885644,26101,26304,0.9922825425790754,0.0,9,20262525.0,77.0,1.0,11.40032,1.31192451798624,0.0170749421507263,49.16877,1.971297,0.361034478,41.1803
validation,04156000,"TITTABAWASSEE RIVER AT MIDLAND, MI",MI,04,43.59530477,-84.23554395,6128.666,timeseries_nonobs,Data/CAMELSH/timeseries_nonobs/04156000.nc,Hourly2/04156000_hourly.nc,77058,96432,0.7990915878546541,24744,26304,0.9406934306569343,21078,26304,0.8013229927007299,4.47,9,20262523.0,144.0,2.0,0.9094265,1.51583562524776,0.136793384341981,60.0,6.912051,0.30610754,60.42402
validation,04164500,"NORTH BRANCH CLINTON RIVER NEAR MT. CLEMENS, MI",MI,04,42.62920008,-82.88881037,511.9173,timeseries_nonobs,Data/CAMELSH/timeseries_nonobs/04164500.nc,Hourly2/04164500_hourly.nc,85338,96432,0.8849552015928323,24268,26304,0.9225973236009732,23551,26304,0.8953391119221411,4.41,9,20262523.0,144.0,2.0,0.5989525,1.50404006256041,0.117555236241266,60.0,1.721054,0.17675197,45.24335
validation,05124480,"KAWISHIWI RIVER NEAR ELY, MN",MN,09,47.9226749,-91.535126,707.2242,timeseries,Data/CAMELSH/timeseries/05124480.nc,Hourly2/05124480_hourly.nc,95997,96432,0.9954890492782479,26053,26304,0.9904577250608273,25842,26304,0.9824361313868614,0.21,7,20262528.0,4.0,1.0,3.023153,1.75207032646094,0.192888440311482,28.38285,3.830826,0.5738822,53.13511
validation,05427948,"PHEASANT BRANCH AT MIDDLETON, WI",WI,07,43.10332832,-89.51178763,46.9296,timeseries_nonobs,Data/CAMELSH/timeseries_nonobs/05427948.nc,Hourly2/05427948_hourly.nc,94452,96432,0.9794673967147834,26228,26304,0.997110705596107,26300,26304,0.9998479318734793,1.06,9,20262526.0,234.0,2.0,2.774545,1.42315473744005,0.114690836219864,59.99072,6.102099,0.039812823659999996,56.14976
validation,05544200,"MUKWONAGO RIVER AT MUKWONAGO, WI",WI,07,42.85668047,-88.32787166,191.2055,timeseries_nonobs,Data/CAMELSH/timeseries_nonobs/05544200.nc,Hourly2/05544200_hourly.nc,93959,96432,0.9743549858967977,26205,26304,0.9962363138686131,25848,26304,0.9826642335766423,2.24,9,20262526.0,234.0,2.0,2.016939,1.45127078024226,0.102305479392717,59.92683,7.269,0.21333491999999998,51.23032
validation,06400875,HORSEHEAD CR AT OELRICHS SD,SD,10U,43.18803166,-103.22658656,485.9577,timeseries,Data/CAMELSH/timeseries/06400875.nc,Hourly2/06400875_hourly.nc,86622,96432,0.8982702837232454,22171,26304,0.8428756082725061,22599,26304,0.859146897810219,11.05,10,20262530.0,58.0,1.0,2.296051,3.76815267864018,0.0906739933392909,36.7292,0.3500146,0.0001926094,59.11834
validation,06882000,BIG BLUE R AT BARNESTON NEBR,NE,10L,40.04468611,-96.58733333,11512.53,timeseries,Data/CAMELSH/timeseries/06882000.nc,Hourly2/06882000_hourly.nc,79655,96432,0.8260224821635972,21327,26304,0.8107892335766423,20088,26304,0.7636861313868614,3.84,10,20262529.0,172.0,2.0,1.095477,2.37780727381419,0.0626215621290413,59.94546,0.8261127,0.02450174414,32.46827
validation,06893557,"Brush Creek at Ward Parkway in Kansas City, MO",MO,10L,39.033083,-94.605389,33.9336,timeseries_nonobs,Data/CAMELSH/timeseries_nonobs/06893557.nc,Hourly2/06893557_hourly.nc,93557,96432,0.9701862452297992,24530,26304,0.9325577858880778,26219,26304,0.9967685523114356,1.92,8,20262529.0,172.0,2.0,2.722059,1.73057561266704,0.0374934671314752,59.09999,0.9559165,0.0,21.66362
validation,07052000,"Wilson Creek at Springfield, MO",MO,11,37.186972,-93.331333,50.1354,timeseries,Data/CAMELSH/timeseries/07052000.nc,Hourly2/07052000_hourly.nc,90308,96432,0.9364941098390576,26130,26304,0.9933850364963503,26123,26304,0.9931189172749392,0.35,7,20262531.0,229.0,2.0,1.220979,1.55551553807306,0.0322680181207823,60.0,1.385202,0.035220628000000004,35.6426
validation,07169800,"ELK R AT ELK FALLS, KS",KS,11,37.37559729,-96.18554808,565.0209,timeseries,Data/CAMELSH/timeseries/07169800.nc,Hourly2/07169800_hourly.nc,93256,96432,0.9670648747303799,25534,26304,0.9707268856447688,24576,26304,0.9343065693430657,6.04,10,20262531.0,229.0,2.0,2.82488,1.96725207386793,0.0268350727160009,40.07477,0.4456899,0.053327406,18.40666
validation,08013500,"CALCASIEU RIVER NEAR OBERLIN, LA.",LA,08,30.64047572,-92.81403683,1966.531,timeseries,Data/CAMELSH/timeseries/08013500.nc,Hourly2/08013500_hourly.nc,84572,96432,0.8770117803218849,24888,26304,0.9461678832116789,26112,26304,0.9927007299270073,1.87,9,20262527.0,53.0,1.0,1.069693,1.32154955171184,0.0037418685689525,58.8846,1.44722,0.508762107,32.46015
validation,08051500,"Clear Ck nr Sanger, TX",TX,12,33.3362269,-97.1794587,763.4016,timeseries,Data/CAMELSH/timeseries/08051500.nc,Hourly2/08051500_hourly.nc,75331,96432,0.7811825949892152,26279,26304,0.9990495742092458,25818,26304,0.9815237226277372,0.51,10,20262532.0,259.0,2.0,2.949672,2.63502731071717,0.0078879879911633,47.32799,1.014236,0.1322229246,12.44514
validation,08068450,"Panther Br nr Spring, TX",TX,12,30.13105,-95.481329,88.3431,timeseries,Data/CAMELSH/timeseries/08068450.nc,Hourly2/08068450_hourly.nc,85920,96432,0.8909905425584869,26033,26304,0.9896973844282239,25727,26304,0.9780641727493917,0.32,8,20262532.0,259.0,2.0,0.3945317,1.84432138337933,0.0019198495935231,60.0,3.692836,0.16757504999999998,21.42184
validation,08382650,"PECOS RIVER ABOVE SANTA ROSA LAKE, NM",NM,13,35.05977809,-104.76193555,6453.274,timeseries,Data/CAMELSH/timeseries/08382650.nc,Hourly2/08382650_hourly.nc,86784,96432,0.8999502239920358,22660,26304,0.8614659367396593,23269,26304,0.8846183090024331,7.7,8,20262533.0,35.0,1.0,10.13976,4.61178902052437,0.0687331911639534,40.49313,1.881851,0.396386045,46.78218
validation,09047700,"KEYSTONE GULCH NEAR DILLON, CO.",CO,14,39.59443117,-105.97251578,23.5701,timeseries,Data/CAMELSH/timeseries/09047700.nc,Hourly2/09047700_hourly.nc,60589,96432,0.6283080305292849,21374,26304,0.8125760340632603,24728,26304,0.9400851581508516,11.73,10,20262534.0,32.0,1.0,30.16561,1.9011665759631,0.577693145802862,50.3811,6.937962,0.8146932124,74.11338
validation,09403600,"KANAB CREEK NEAR KANAB, UT",UT,15,37.10054059,-112.54798269,502.8489,timeseries_nonobs,Data/CAMELSH/timeseries_nonobs/09403600.nc,Hourly2/09403600_hourly.nc,86089,96432,0.8927430728388916,25149,26304,0.9560903284671532,24742,26304,0.9406173965936739,13.04,10,20262535.0,63.0,1.0,13.0107,4.3414715867837,0.169129023286057,42.83142,6.767215,0.421768681,77.66728
validation,10343500,SAGEHEN C NR TRUCKEE CA,CA,16,39.43157246,-120.23797928,27.6027,timeseries_nonobs,Data/CAMELSH/timeseries_nonobs/10343500.nc,Hourly2/10343500_hourly.nc,91896,96432,0.9529616724738676,25120,26304,0.9549878345498783,25390,26304,0.9652524330900243,1.08,10,20262536.0,63.0,1.0,14.21123,1.60813294332748,0.509231624365794,48.42166,2.364488,0.8828439,65.22674
validation,11109800,PIRU CREEK BELOW SANTA FELICIA DAM CA,CA,18,34.46027231,-118.75203612,1093.333,timeseries_nonobs,Data/CAMELSH/timeseries_nonobs/11109800.nc,Hourly2/11109800_hourly.nc,28206,96432,0.2924962667994027,26132,26304,0.9934610705596107,25926,26304,0.9856295620437956,1.12,10,20262538.0,223.0,2.0,26.08669,6.44698802341514,0.0090246939761287,31.8564,5.250501,0.2428172046,51.18351
validation,11447360,ARCADE C NR DEL PASO HEIGHTS CA,CA,18,38.64184848,-121.38273024,81.52355,timeseries,Data/CAMELSH/timeseries/11447360.nc,Hourly2/11447360_hourly.nc,92724,96432,0.9615480338476854,26289,26304,0.9994297445255474,25573,26304,0.9722095498783455,1.17,7,20262538.0,223.0,2.0,1.050847,3.88132816312386,2.41709940448372e-05,36.15,1.324,0.0,41.56079
validation,12324200,Clark Fork at Deer Lodge MT,MT,17,46.397705,-112.7428167,2591.439,timeseries_nonobs,Data/CAMELSH/timeseries_nonobs/12324200.nc,Hourly2/12324200_hourly.nc,84753,96432,0.8788887506222001,24319,26304,0.9245361922141119,24941,26304,0.9481827858880778,8.72,9,20262537.0,426.0,3.0,17.07193,2.3444586516333,0.271253273062936,52.75356,4.217328,0.43616484596,78.22973
validation,14034500,"WILLOW CREEK AT HEPPNER, OREG.",OR,17,45.3504062,-119.55002178,251.7876,timeseries_nonobs,Data/CAMELSH/timeseries_nonobs/14034500.nc,Hourly2/14034500_hourly.nc,95447,96432,0.9897855483656878,26209,26304,0.9963883819951338,26159,26304,0.9944875304136253,0.42,10,20262537.0,426.0,3.0,20.25735,2.54083048537483,0.13308988188242,30.35525,1.106424,0.19559697411,56.45
validation,14400000,"CHETCO RIVER NEAR BROOKINGS, OR",OR,17,42.12344278,-124.1873107,702.6345,timeseries_nonobs,Data/CAMELSH/timeseries_nonobs/14400000.nc,Hourly2/14400000_hourly.nc,95273,96432,0.9879811680769869,26069,26304,0.9910659975669099,26231,26304,0.9972247566909975,2.26,10,20262537.0,426.0,3.0,36.48323,0.635333373476037,0.0037268269070463,41.91744,1.238973,0.571460369,43.64037
test,01414000,PLATTE KILL AT DUNRAVEN NY,NY,02,42.1331434,-74.6954342,90.4221,timeseries_nonobs,Data/CAMELSH/timeseries_nonobs/01414000.nc,Hourly2/01414000_hourly.nc,80577,96432,0.8355836236933798,23013,26304,0.8748859489051095,23076,26304,0.8772810218978102,6.06,10,,,,20.44383,1.08335597515583,0.14767906801139,41.29515,1.180478,0.8291911500000001,43.18013
test,01414500,MILL BROOK NEAR DUNRAVEN NY,NY,02,42.10619915,-74.7304349,64.4517,timeseries_nonobs,Data/CAMELSH/timeseries_nonobs/01414500.nc,Hourly2/01414500_hourly.nc,82222,96432,0.8526422764227642,22654,26304,0.8612378345498783,21939,26304,0.8340556569343066,5.38,10,,,,22.62283,0.973699434797411,0.176108587558549,32.27789,1.227331,0.93185597,46.05754
test,01415000,TREMPER KILL NEAR ANDES NY,NY,02,42.1200874,-74.81849264,85.6287,timeseries_nonobs,Data/CAMELSH/timeseries_nonobs/01415000.nc,Hourly2/01415000_hourly.nc,79024,96432,0.8194790111166418,23777,26304,0.9039309610705596,22571,26304,0.8580824209245742,5.87,10,,,,18.33937,1.04143433685485,0.154623317457268,42.44758,1.226223,0.77843875,43.97008
test,01420500,BEAVER KILL AT COOKS FALLS NY,NY,02,41.94647708,-74.97960864,627.0471,timeseries_nonobs,Data/CAMELSH/timeseries_nonobs/01420500.nc,Hourly2/01420500_hourly.nc,84511,96432,0.8763792102206737,24142,26304,0.9178071776155717,21929,26304,0.8336754866180048,3.08,10,,,,15.03294,1.01113272630474,0.140450050240349,43.90273,1.444157,0.8876348000000001,46.45736
test,01421000,EAST BR DELAWARE R AT FISHS EDDY NY,NY,02,41.97314277,-75.17405814,2029.478,timeseries_nonobs,Data/CAMELSH/timeseries_nonobs/01421000.nc,Hourly2/01421000_hourly.nc,57508,96432,0.5963580554172888,23927,26304,0.9096335158150851,22942,26304,0.8721867396593674,5.19,10,,,,18.90999,1.02711954989739,0.146190357437811,41.19999,1.330013,0.8714008200000001,44.57804
test,01421900,W BR DELAWARE RIVER UPSTREAM FROM DELHI NY,NY,02,42.2803622,-74.9071054,347.6808,timeseries_nonobs,Data/CAMELSH/timeseries_nonobs/01421900.nc,Hourly2/01421900_hourly.nc,85072,96432,0.882196781151485,24313,26304,0.9243080900243309,22193,26304,0.8437119829683698,3.44,9,,,,14.92003,1.06453924215285,0.167854471576157,47.43871,1.824703,0.62493786,41.07928
test,01422500,LITTLE DELAWARE RIVER NEAR DELHI NY,NY,02,42.25230752,-74.9015501,128.9304,timeseries_nonobs,Data/CAMELSH/timeseries_nonobs/01422500.nc,Hourly2/01422500_hourly.nc,80795,96432,0.8378442840550855,23369,26304,0.8884200121654501,22888,26304,0.8701338199513382,4.7,10,,,,16.75748,1.07067323727054,0.166638431740207,42.72277,1.142605,0.74849215,42.80514
test,01423000,WEST BRANCH DELAWARE RIVER AT WALTON NY,NY,02,42.16619633,-75.13989107,859.6809,timeseries_nonobs,Data/CAMELSH/timeseries_nonobs/01423000.nc,Hourly2/01423000_hourly.nc,82544,96432,0.8559814169570267,24266,26304,0.9225212895377128,22741,26304,0.8645453163017032,5.77,10,,,,15.68848,1.03957168419251,0.163191469862511,45.31357,1.617783,0.6609531,42.05141
test,0142400103,TROUT CREEK NEAR TROUT CREEK NY,NY,02,42.17369518,-75.2793403,52.8453,timeseries_nonobs,Data/CAMELSH/timeseries_nonobs/0142400103.nc,Hourly2/0142400103_hourly.nc,79683,96432,0.8263128422100547,24566,26304,0.933926399026764,23054,26304,0.8764446472019465,10.31,10,,,,13.34431,1.02310863092307,0.150725748562491,54.93328,1.169518,0.6931893800000001,40.87949
test,01425000,WEST BR DELAWARE RIVER AT STILESVILLE NY,NY,02,42.07480591,-75.39600945,1180.565,timeseries_nonobs,Data/CAMELSH/timeseries_nonobs/01425000.nc,Hourly2/01425000_hourly.nc,90250,96432,0.9358926497428239,26286,26304,0.999315693430657,26034,26304,0.9897354014598541,1.31,10,,,,16.41523,1.04189386461545,0.159757229574475,44.94474,1.551213,0.69104901,41.81768
test,01426500,WEST BRANCH DELAWARE RIVER AT HALE EDDY NY,NY,02,42.00314017,-75.38350814,1539.334,timeseries_nonobs,Data/CAMELSH/timeseries_nonobs/01426500.nc,Hourly2/01426500_hourly.nc,87646,96432,0.9088891654222665,25971,26304,0.9873403284671532,24043,26304,0.914043491484185,3.08,10,,,,15.97657,1.04463308162616,0.155945503272858,45.20916,1.502146,0.7128605399999999,41.54217
test,01427207,DELAWARE RIVER AT LORDVILLE NY,PA,02,41.86731,-75.213783,4117.51,timeseries_nonobs,Data/CAMELSH/timeseries_nonobs/01427207.nc,Hourly2/01427207_hourly.nc,34124,96432,0.35386593661854987,23105,26304,0.8783835158150851,22353,26304,0.8497947080291971,8.35,10,,,,17.22065,1.04068099527212,0.147491312235465,43.59195,1.392541,0.8084640799999999,43.14017
test,01427510,DELAWARE RIVER AT CALLICOON NY,PA,02,41.75675495,-75.05738968,4724.998,timeseries_nonobs,Data/CAMELSH/timeseries_nonobs/01427510.nc,Hourly2/01427510_hourly.nc,79479,96432,0.8241973618715779,23223,26304,0.8828695255474452,21885,26304,0.8320027372262774,12.33,10,,,,16.58453,1.04744184143313,0.144475590171987,44.26478,1.366158,0.8006692200000001,43.35385
test,01428500,DELAWARE R ABOVE LACKAWAXEN R NR BARRYVILLE NY,PA,02,41.5089782,-74.98572346,5242.786,timeseries_nonobs,Data/CAMELSH/timeseries_nonobs/01428500.nc,Hourly2/01428500_hourly.nc,84734,96432,0.8786917205906752,24451,26304,0.9295544403892944,22725,26304,0.8639370437956204,4.73,10,,,,15.82033,1.06184632632725,0.138559711174988,44.72753,1.344918,0.79780536,43.13041
test,01429500,"Dyberry Creek near Honesdale, PA",PA,02,41.60731044,-75.26712048,167.2245,timeseries_nonobs,Data/CAMELSH/timeseries_nonobs/01429500.nc,Hourly2/01429500_hourly.nc,88880,96432,0.9216857474697195,25696,26304,0.9768856447688564,24430,26304,0.9287560827250608,2.21,9,,,,9.061805,1.12644817704951,0.116487522878053,51.80301,1.288209,0.67270528,41.90098
test,01430000,"Lackawaxen River near Honesdale, PA",PA,02,41.56203315,-75.24795344,425.0241,timeseries_nonobs,Data/CAMELSH/timeseries_nonobs/01430000.nc,Hourly2/01430000_hourly.nc,26391,96432,0.2736747137879542,24742,26304,0.9406173965936739,22900,26304,0.8705900243309003,7.16,9,,,,8.713163,1.13621482192209,0.11473089062419,52.2445,1.426019,0.58852005,41.81592
test,01431500,"Lackawaxen River at Hawley, PA",PA,02,41.47620023,-75.17211857,748.6569,timeseries_nonobs,Data/CAMELSH/timeseries_nonobs/01431500.nc,Hourly2/01431500_hourly.nc,53051,96432,0.5501389580222333,23881,26304,0.9078847323600974,22304,26304,0.8479318734793188,3.44,9,,,,8.190544,1.14688962260398,0.113789619707687,52.38418,1.609115,0.6221585199999999,41.47672
test,01432110,"Lackawaxen River at Rowland, PA",PA,02,41.475923,-75.036281,1528.151,timeseries,Data/CAMELSH/timeseries/01432110.nc,Hourly2/01432110_hourly.nc,30077,96432,0.31189853990376637,25629,26304,0.974338503649635,25728,26304,0.9781021897810219,0.25,9,,,,7.514335,1.13923917647683,0.116209344620243,52.70625,1.742287,0.68954198,42.02356
test,01432900,MONGAUP RIVER AT MONGAUP VALLEY NY,NY,02,41.668145,-74.780441,198.6642,timeseries_nonobs,Data/CAMELSH/timeseries_nonobs/01432900.nc,Hourly2/01432900_hourly.nc,63441,96432,0.6578832752613241,25223,26304,0.9589035888077859,23699,26304,0.9009656326034063,12.51,10,,,,7.611435,1.09740537473603,0.111836665765277,53.47293,1.520826,0.75736395,48.22948
test,01433500,MONGAUP RIVER NEAR MONGAUP NY,NY,02,41.46148109,-74.7587746,523.6794,timeseries_nonobs,Data/CAMELSH/timeseries_nonobs/01433500.nc,Hourly2/01433500_hourly.nc,11774,96432,0.12209639953542392,2459,26304,0.09348388077858881,26258,26304,0.9982512165450121,0.02,10,,,,6.676876,1.12485805045328,0.110681571278455,52.89639,1.409524,0.7970735999999999,46.71135
test,01434000,DELAWARE RIVER AT PORT JERVIS NY,PA,02,41.3706493,-74.6973853,7967.644,timeseries_nonobs,Data/CAMELSH/timeseries_nonobs/01434000.nc,Hourly2/01434000_hourly.nc,91820,96432,0.9521735523477683,25959,26304,0.9868841240875912,23288,26304,0.8853406326034063,1.22,10,,,,12.97297,1.08949343656171,0.128400215276051,47.41413,1.503494,0.78222856,43.07273
test,01434498,WEST BRANCH NEVERSINK R AT CLARYVILLE,NY,02,41.920369,-74.574601,87.8508,timeseries_nonobs,Data/CAMELSH/timeseries_nonobs/01434498.nc,Hourly2/01434498_hourly.nc,83339,96432,0.8642255682760909,23752,26304,0.9029805352798054,22399,26304,0.851543491484185,12.06,10,,,,20.25085,0.923035384623646,0.163915717357341,32.91138,1.183239,0.97885499,48.16747
test,01438500,DELAWARE RIVER AT MONTAGUE NJ,NJ,02,41.30916667,-74.79527778,9016.394,timeseries_nonobs,Data/CAMELSH/timeseries_nonobs/01438500.nc,Hourly2/01438500_hourly.nc,87709,96432,0.9095424755267961,24472,26304,0.930352798053528,23107,26304,0.8784595498783455,3.05,9,,,,12.6877,1.08920172618809,0.123907535415765,47.18385,1.575856,0.7891829300000001,43.51227
test,01439500,"Bush Kill at Shoemakers, PA",PA,02,41.08815078,-75.03767469,305.8776,timeseries_nonobs,Data/CAMELSH/timeseries_nonobs/01439500.nc,Hourly2/01439500_hourly.nc,74805,96432,0.7757279741164759,24089,26304,0.9157922749391727,21443,26304,0.8151992092457421,2.87,9,,,,6.029912,1.10108052170219,0.101528452733513,56.34431,1.678249,0.81330475,47.99792
test,01440400,"Brodhead Creek near Analomink, PA",PA,02,41.08481482,-75.21462514,175.2084,timeseries_nonobs,Data/CAMELSH/timeseries_nonobs/01440400.nc,Hourly2/01440400_hourly.nc,77848,96432,0.8072838891654223,24822,26304,0.9436587591240876,23909,26304,0.9089492092457421,1.55,9,,,,7.645776,1.08296257712617,0.0989280763362685,53.28513,1.172887,0.81174875,49.6897
test,01440485,"Swiftwater Creek at Swiftwater, PA",PA,02,41.093979,-75.322128,17.7795,timeseries_nonobs,Data/CAMELSH/timeseries_nonobs/01440485.nc,Hourly2/01440485_hourly.nc,82780,96432,0.8584287373485979,24919,26304,0.9473464111922141,25457,26304,0.9677995742092458,2.81,8,,,,7.735211,1.05997385778492,0.0930808139511046,52.9833,1.430782,0.6713237599999999,54.0
test,01442500,"Brodhead Creek at Minisink Hills, PA",PA,02,40.99870601,-75.14267882,677.5605,timeseries_nonobs,Data/CAMELSH/timeseries_nonobs/01442500.nc,Hourly2/01442500_hourly.nc,78034,96432,0.8092127094740336,25001,26304,0.9504638077858881,24212,26304,0.9204683698296837,2.78,9,,,,7.649423,1.07283750970503,0.0877986364898342,53.16826,2.11876,0.70074323,52.47809
test,01443900,YARDS CREEK NEAR BLAIRSTOWN NJ,NJ,02,40.98055556,-75.0391667,13.5909,timeseries_nonobs,Data/CAMELSH/timeseries_nonobs/01443900.nc,Hourly2/01443900_hourly.nc,87522,96432,0.9076032852165257,24745,26304,0.9407314476885644,24543,26304,0.9330520072992701,3.12,9,,,,11.97568,1.10383789550628,0.074242968586753,50.4375,1.0445,0.7585590000000001,53.4458
test,01445500,PEQUEST RIVER AT PEQUEST NJ,NJ,02,40.83055556,-74.97777778,269.5341,timeseries_nonobs,Data/CAMELSH/timeseries_nonobs/01445500.nc,Hourly2/01445500_hourly.nc,92921,96432,0.9635909241745478,25581,26304,0.9725136861313869,24297,26304,0.9236998175182481,0.59,10,,,,6.419107,1.10821137431985,0.0713931290585443,55.50423,3.926582,0.49539740979999997,57.38668
test,01446000,Beaver Brook near Belvidere NJ,NJ,02,40.843333,-75.046389,95.5116,timeseries_nonobs,Data/CAMELSH/timeseries_nonobs/01446000.nc,Hourly2/01446000_hourly.nc,62770,96432,0.6509250041480007,25006,26304,0.9506538929440389,23428,26304,0.8906630170316302,0.7,9,,,,7.429603,1.10615799918335,0.0646979781599315,47.44797,2.425868,0.4795333258,54.28105
test,01446500,DELAWARE RIVER AT BELVIDERE NJ,NJ,02,40.82638889,-75.0825,11769.17,timeseries_nonobs,Data/CAMELSH/timeseries_nonobs/01446500.nc,Hourly2/01446500_hourly.nc,95964,96432,0.9951468392234942,25822,26304,0.9816757907542579,25077,26304,0.953353102189781,0.32,10,,,,11.53991,1.09386335189165,0.113515929003015,48.46173,1.898953,0.75913843,45.56748
test,01446775,"Bushkill Creek ab Rt 33 bridge at Tatamy, PA",PA,02,40.748986,-75.265178,81.27631,timeseries_nonobs,Data/CAMELSH/timeseries_nonobs/01446775.nc,Hourly2/01446775_hourly.nc,43861,96432,0.45483864277418284,26161,26304,0.9945635644768857,26277,26304,0.9989735401459854,1.03,9,,,,5.894989,1.12826888203031,0.0709049519693678,37.47609,4.172562,0.38463247899999997,56.22041
test,01446776,"Bushkill Creek bl SR2017 bridge at Tatamy, PA",PA,02,40.748708,-75.261012,81.49409,timeseries_nonobs,Data/CAMELSH/timeseries_nonobs/01446776.nc,Hourly2/01446776_hourly.nc,44466,96432,0.461112493777999,26304,26304,1.0,23510,26304,0.8937804136253041,0.27,9,,,,5.886029,1.12826888203031,0.0709049519693678,37.51179,4.167278,0.383604432,56.22517
test,01447500,"Lehigh River at Stoddartsville, PA",PA,02,41.13036262,-75.62546704,240.1902,timeseries_nonobs,Data/CAMELSH/timeseries_nonobs/01447500.nc,Hourly2/01447500_hourly.nc,78019,96432,0.8090571594491455,24114,26304,0.916742700729927,23179,26304,0.8811967761557178,3.19,9,,,,3.928628,1.05470724154254,0.129086551904963,54.1186,1.716418,0.641502912,52.181
test,01447680,"Tunkhannock Creek near Long Pond, PA",PA,02,41.06536531,-75.52018696,51.7338,timeseries_nonobs,Data/CAMELSH/timeseries_nonobs/01447680.nc,Hourly2/01447680_hourly.nc,76877,96432,0.7972146175543388,24502,26304,0.9314933090024331,22477,26304,0.8545088199513382,4.98,9,,,,1.733707,1.03770160174894,0.119331923049819,50.22983,1.760266,0.7985979000000001,55.19074
test,01447720,"Tobyhanna Creek near Blakeslee, PA",PA,02,41.08480822,-75.60546665,308.1267,timeseries_nonobs,Data/CAMELSH/timeseries_nonobs/01447720.nc,Hourly2/01447720_hourly.nc,80755,96432,0.8374294839887174,25319,26304,0.9625532238442822,23856,26304,0.906934306569343,3.72,9,,,,2.826135,1.04839053387824,0.11753534659149,55.80329,1.479304,0.6054333900000001,54.644
test,01447800,Lehigh R bl Francis E Walter Res nr White Haven PA,PA,02,41.10480622,-75.73213624,752.6691,timeseries_nonobs,Data/CAMELSH/timeseries_nonobs/01447800.nc,Hourly2/01447800_hourly.nc,81882,96432,0.8491164758586361,25914,26304,0.9851733576642335,24716,26304,0.9396289537712895,1.27,9,,,,4.129147,1.05130447368153,0.122014247301458,54.56554,1.59296,0.67635019,53.22478
test,01449000,"Lehigh River at Lehighton, PA",PA,02,40.82925872,-75.70518938,1521.781,timeseries_nonobs,Data/CAMELSH/timeseries_nonobs/01449000.nc,Hourly2/01449000_hourly.nc,79288,96432,0.8222166915546707,25411,26304,0.9660507907542579,24053,26304,0.9144236618004866,5.97,10,,,,6.699039,1.05362666353336,0.111561593370151,50.89653,3.160012,0.75659599,54.06982
test,01449360,"Pohopoco Creek at Kresgeville, PA",PA,02,40.8975919,-75.50240767,129.4857,timeseries_nonobs,Data/CAMELSH/timeseries_nonobs/01449360.nc,Hourly2/01449360_hourly.nc,82495,96432,0.8554732868757259,25991,26304,0.9881006690997567,24887,26304,0.9461298661800487,1.93,10,,,,7.154393,1.09834396037741,0.0791719548161945,45.07767,4.113267,0.5580894700000001,56.52313
test,01449800,"Pohopoco Cr bl Beltzville Dam nr Parryville, PA",PA,02,40.84564756,-75.64574371,249.4863,timeseries,Data/CAMELSH/timeseries/01449800.nc,Hourly2/01449800_hourly.nc,83242,96432,0.8632196781151485,26301,26304,0.9998859489051095,26206,26304,0.9962743309002433,0.16,9,,,,7.800842,1.0857523712282,0.0837115819349481,43.90985,4.565277,0.66245077,56.90487
test,01450500,"Aquashicola Creek at Palmerton, PA",PA,02,40.80620472,-75.59796434,198.1143,timeseries_nonobs,Data/CAMELSH/timeseries_nonobs/01450500.nc,Hourly2/01450500_hourly.nc,81785,96432,0.8481105856976937,25917,26304,0.9852874087591241,24569,26304,0.9340404501216545,1.08,10,,,,12.5971,1.14422483145177,0.0721202148314185,45.29152,4.321888,0.6917325099999999,56.1565
test,01451000,"Lehigh River at Walnutport, PA",PA,02,40.7570395,-75.60296388,2297.016,timeseries,Data/CAMELSH/timeseries/01451000.nc,Hourly2/01451000_hourly.nc,78867,96432,0.8178509208561473,24885,26304,0.9460538321167883,23083,26304,0.8775471411192214,2.64,9,,,,7.892596,1.07273782614841,0.0976301612252959,48.15443,3.50108,0.71938614,54.49733
test,01451500,"Little Lehigh Creek near Allentown, PA",PA,02,40.58231973,-75.48296088,212.0562,timeseries_nonobs,Data/CAMELSH/timeseries_nonobs/01451500.nc,Hourly2/01451500_hourly.nc,93681,96432,0.9714721254355401,25935,26304,0.9859717153284672,26230,26304,0.9971867396593674,1.19,10,,,,4.847423,1.12123678797399,0.0634835402631812,59.09698,2.269116,0.246886864,53.70774
test,01451650,Little Lehigh Creek at Tenth St. Br. at Allentown,PA,02,40.59648637,-75.4740717,253.8567,timeseries_nonobs,Data/CAMELSH/timeseries_nonobs/01451650.nc,Hourly2/01451650_hourly.nc,28473,96432,0.29526505724240915,26004,26304,0.988594890510949,26199,26304,0.9960082116788321,1.15,10,,,,4.572267,1.12123678797399,0.0634835402631812,58.67068,2.227943,0.21373240200000002,54.26712
test,01451800,"Jordan Creek near Schnecksville, PA",PA,02,40.66176219,-75.626854,135.8448,timeseries,Data/CAMELSH/timeseries/01451800.nc,Hourly2/01451800_hourly.nc,84376,96432,0.8749792599966816,24043,26304,0.914043491484185,22068,26304,0.8389598540145985,3.06,9,,,,7.615916,1.09566098480662,0.0712385153046741,34.68502,3.181146,0.295794732,53.35634
test,01452000,"Jordan Creek at Allentown, PA",PA,02,40.62315267,-75.48240532,196.5627,timeseries_nonobs,Data/CAMELSH/timeseries_nonobs/01452000.nc,Hourly2/01452000_hourly.nc,92192,96432,0.9560311929649908,25342,26304,0.9634276155717761,24144,26304,0.9178832116788321,1.98,9,,,,7.493159,1.09566098480662,0.0712385153046741,37.62745,2.999529,0.296644232,53.83477
test,01452500,"Monocacy Creek at Bethlehem, PA",PA,02,40.64120912,-75.37934709,112.041,timeseries_nonobs,Data/CAMELSH/timeseries_nonobs/01452500.nc,Hourly2/01452500_hourly.nc,92868,96432,0.9630413140866102,25592,26304,0.9729318734793188,26178,26304,0.9952098540145985,1.89,8,,,,3.927291,1.17598303020301,0.0626123485521882,47.30268,2.442254,0.082504617,58.36498
test,01453000,"Lehigh River at Bethlehem, PA",PA,02,40.61537613,-75.37879142,3306.332,timeseries_nonobs,Data/CAMELSH/timeseries_nonobs/01453000.nc,Hourly2/01453000_hourly.nc,93223,96432,0.9667226646756264,25951,26304,0.9865799878345499,25047,26304,0.9522125912408759,0.45,9,,,,7.357594,1.08993034424927,0.08852456335785,47.65008,3.321657,0.5708693499999999,55.07061
test,01454700,"Lehigh River at Glendon, PA",PA,02,40.6692656,-75.23628808,3518.95,timeseries_nonobs,Data/CAMELSH/timeseries_nonobs/01454700.nc,Hourly2/01454700_hourly.nc,75870,96432,0.7867720258835241,25582,26304,0.972551703163017,26060,26304,0.9907238442822385,0.7,10,,,,7.357574,1.0927655981759,0.088107323029311,48.22284,3.254355,0.55381353,55.04949
test,01463500,DELAWARE RIVER AT TRENTON NJ,NJ,02,40.22166667,-74.7780556,17579.75,timeseries_nonobs,Data/CAMELSH/timeseries_nonobs/01463500.nc,Hourly2/01463500_hourly.nc,92091,96432,0.9549838227974117,25824,26304,0.9817518248175182,22705,26304,0.863176703163017,0.66,10,,,,10.00604,1.10227655093759,0.101215812876932,48.68502,2.290112,0.6726945499999999,47.62822
test,01468500,"Schuylkill River at Landingville, PA",PA,02,40.62925774,-76.12466225,344.2095,timeseries,Data/CAMELSH/timeseries/01468500.nc,Hourly2/01468500_hourly.nc,91534,96432,0.9492077318732371,26088,26304,0.9917883211678832,24727,26304,0.9400471411192214,2.26,10,,,,11.42434,1.13108735737295,0.080539254381781,41.29632,6.992937,0.7497405100000001,52.54774
test,01469500,"Little Schuylkill River at Tamaqua, PA",PA,02,40.80703327,-75.97187089,114.3441,timeseries,Data/CAMELSH/timeseries/01469500.nc,Hourly2/01469500_hourly.nc,82032,96432,0.8506719761075162,25678,26304,0.9762013381995134,24167,26304,0.9187576034063261,0.85,8,,,,10.25494,1.06714801646566,0.0907543302033338,46.24626,5.06833,0.7503640699999999,52.4314
test,01470500,"Schuylkill River at Berne, PA",PA,02,40.52259321,-75.99826819,924.7293,timeseries,Data/CAMELSH/timeseries/01470500.nc,Hourly2/01470500_hourly.nc,90641,96432,0.9399473203915713,25290,26304,0.9614507299270073,23468,26304,0.892183698296837,2.83,9,,,,11.57298,1.12760788066313,0.0783004482614984,42.56013,5.613091,0.71101447,52.45343
test,01470779,"Tulpehocken Creek near Bernville, PA",PA,02,40.41342582,-76.17161284,179.1595,timeseries,Data/CAMELSH/timeseries/01470779.nc,Hourly2/01470779_hourly.nc,28136,96432,0.2917703666832587,26069,26304,0.9910659975669099,25173,26304,0.9570027372262774,3.6,8,,,,3.752848,1.27003567919193,0.07431527959981,62.05878,1.693501,0.1056371808,57.06151
test,01470960,Tulpehocken Cr at Blue Marsh Damsite near Reading,PA,02,40.37064822,-76.02521594,461.3823,timeseries,Data/CAMELSH/timeseries/01470960.nc,Hourly2/01470960_hourly.nc,93067,96432,0.9651049444167911,26028,26304,0.989507299270073,26205,26304,0.9962363138686131,0.62,9,,,,5.767889,1.24885807648436,0.0678201953541746,48.86323,2.479497,0.247991319,55.6557
test,01471000,"Tulpehocken Creek near Reading, PA",PA,02,40.36898166,-75.97910155,557.1,timeseries,Data/CAMELSH/timeseries/01471000.nc,Hourly2/01471000_hourly.nc,94129,96432,0.9761178861788617,26252,26304,0.9980231143552312,26223,26304,0.9969206204379562,0.74,9,,,,5.884739,1.24885807648436,0.0678201953541746,50.24746,2.368412,0.248478155,55.32251
test,01471510,"Schuylkill River at Reading, PA",PA,02,40.33481492,-75.93632007,2303.509,timeseries,Data/CAMELSH/timeseries/01471510.nc,Hourly2/01471510_hourly.nc,91006,96432,0.9437323709971793,25827,26304,0.9818658759124088,24399,26304,0.9275775547445255,3.32,9,,,,8.688251,1.17470098422871,0.0706306953304659,45.308,3.95188,0.45796019,52.77534
test,01471875,"Manatawny Creek near Spangsville, PA",PA,02,40.339538,-75.742136,148.0842,timeseries_nonobs,Data/CAMELSH/timeseries_nonobs/01471875.nc,Hourly2/01471875_hourly.nc,85482,96432,0.8864484818317571,25444,26304,0.9673053527980535,24423,26304,0.9284899635036497,7.07,10,,,,7.759503,1.1545232023988,0.0704587846961476,60.29124,1.534724,0.45249116899999997,50.23603
test,01472000,"Schuylkill River at Pottstown, PA",PA,02,40.2417631,-75.65157517,2971.815,timeseries,Data/CAMELSH/timeseries/01472000.nc,Hourly2/01472000_hourly.nc,91433,96432,0.9481603617056579,25740,26304,0.978558394160584,24956,26304,0.9487530413625304,1.22,9,,,,8.483343,1.18027527970543,0.0680110094181309,47.60545,3.470145,0.44907006000000005,52.3696
test,01472198,"Perkiomen Creek at East Greenville, PA",PA,02,40.39398789,-75.51545918,97.51591,timeseries_nonobs,Data/CAMELSH/timeseries_nonobs/01472198.nc,Hourly2/01472198_hourly.nc,27824,96432,0.2885349261655882,25656,26304,0.9753649635036497,24474,26304,0.9304288321167883,4.03,10,,,,7.588169,1.1836171356609,0.0667912745482775,54.84185,1.736507,0.409770108,51.96394
test,01472199,"West Branch Perkiomen Creek at Hillegass, PA",PA,02,40.37398794,-75.52240343,60.7572,timeseries_nonobs,Data/CAMELSH/timeseries_nonobs/01472199.nc,Hourly2/01472199_hourly.nc,27433,96432,0.28448025551684086,25553,26304,0.9714492092457421,24144,26304,0.9178832116788321,4.1,9,,,,7.012667,1.12342818532536,0.0644220777618969,56.30586,1.609016,0.433415332,49.58894
test,01473500,"Schuylkill River at Norristown, PA",PA,02,40.111219,-75.34685,4560.574,timeseries,Data/CAMELSH/timeseries/01473500.nc,Hourly2/01473500_hourly.nc,26958,96432,0.27955450472872073,25903,26304,0.9847551703163017,25063,26304,0.9528208637469586,2.2,10,,,,7.255743,1.19505308053323,0.0645411672770223,49.44524,2.851899,0.39947917,50.90648
test,01475850,"Crum Creek near Newtown Square, PA",PA,02,39.97649897,-75.43658643,40.9815,timeseries,Data/CAMELSH/timeseries/01475850.nc,Hourly2/01475850_hourly.nc,85015,96432,0.8816056910569106,26179,26304,0.9952478710462287,25169,26304,0.9568506690997567,1.6,10,,,,4.301781,1.26496832848518,0.054614429837766,59.78516,1.016516,0.38115736,55.25613
test,01476480,"Ridley Creek at Media, PA",PA,02,39.916223,-75.40325,78.3738,timeseries,Data/CAMELSH/timeseries/01476480.nc,Hourly2/01476480_hourly.nc,91427,96432,0.9480981416957027,25846,26304,0.9825881995133819,24512,26304,0.9318734793187348,6.66,10,,,,5.167667,1.26496832848518,0.054614429837766,59.75013,1.027696,0.394421408,56.26989
test,01477000,"Chester Creek near Chester, PA",PA,02,39.86900092,-75.40824943,156.9942,timeseries,Data/CAMELSH/timeseries/01477000.nc,Hourly2/01477000_hourly.nc,82558,96432,0.8561265969802555,25919,26304,0.9853634428223844,24873,26304,0.9455976277372263,2.09,10,,,,4.982046,1.26496832848518,0.054614429837766,59.18387,1.2049,0.322538663,55.34277
test,01477800,"SHELLPOT CREEK AT WILMINGTON, DE",DE,02,39.76097222,-75.51869444,18.9459,timeseries,Data/CAMELSH/timeseries/01477800.nc,Hourly2/01477800_hourly.nc,85694,96432,0.8886469221835076,23962,26304,0.9109641119221411,24829,26304,0.9439248783454988,2.62,10,,,,2.320465,1.31778753087334,0.0438384807535549,54.78568,1.505734,0.18540686399999998,50.61489
test,01478000,"CHRISTINA RIVER AT COOCHS BRIDGE, DE",DE,02,39.63738889,-75.72788889,54.01347,timeseries,Data/CAMELSH/timeseries/01478000.nc,Hourly2/01478000_hourly.nc,92563,96432,0.9598784635805542,25560,26304,0.9717153284671532,22992,26304,0.8740875912408759,0.94,10,,,,2.721339,1.33948437727386,0.0418539118193327,56.92017,2.533175,0.250145769,51.71398
test,01478120,"East Branch White Clay Creek at Avondale, PA",PA,02,39.82844,-75.78077,31.5657,timeseries,Data/CAMELSH/timeseries/01478120.nc,Hourly2/01478120_hourly.nc,27636,96432,0.2865853658536585,25848,26304,0.9826642335766423,26107,26304,0.9925106447688564,5.19125683060109,8,,,,3.977186,1.30348930536198,0.0487293011574374,59.18937,1.55301,0.214866106,57.95609
test,01478245,"White Clay Creek near Strickersville, PA",PA,02,39.7475,-75.770833,153.3672,timeseries,Data/CAMELSH/timeseries/01478245.nc,Hourly2/01478245_hourly.nc,80938,96432,0.8393271942923511,25073,26304,0.9532010340632603,24230,26304,0.9211526763990268,7.56,10,,,,4.69559,1.30348930536198,0.0487293011574374,58.72335,1.560743,0.257399858,55.83985
test,01478650,"WHITE CLAY CREEK AT NEWARK, DE",DE,02,39.689222,-75.74875,177.5007,timeseries,Data/CAMELSH/timeseries/01478650.nc,Hourly2/01478650_hourly.nc,88269,96432,0.9153496764559482,25848,26304,0.9826642335766423,23808,26304,0.9051094890510949,7.25,10,,,,4.949614,1.30348930536198,0.0487293011574374,58.57857,1.597435,0.299762213,55.4233
test,01479000,"WHITE CLAY CREEK NEAR NEWARK, DE",DE,02,39.69922222,-75.67502778,230.7807,timeseries,Data/CAMELSH/timeseries/01479000.nc,Hourly2/01479000_hourly.nc,87474,96432,0.907105525136884,25728,26304,0.9781021897810219,23806,26304,0.9050334549878345,2.26,10,,,,4.582491,1.32134834034967,0.0442105064248152,58.10725,1.824515,0.277202115,54.62556
test,01479820,"Red Clay Creek near Kennett Square, PA",PA,02,39.816777,-75.691601,71.53111,timeseries,Data/CAMELSH/timeseries/01479820.nc,Hourly2/01479820_hourly.nc,94231,96432,0.9771756263481002,25965,26304,0.9871122262773723,25142,26304,0.9558242092457421,2.83,9,,,,4.071299,1.28837279091108,0.0488612342012586,58.68523,1.561376,0.23674174699999997,56.39507
test,01480000,"RED CLAY CREEK AT WOODDALE, DE",DE,02,39.76280556,-75.6365,122.6124,timeseries,Data/CAMELSH/timeseries/01480000.nc,Hourly2/01480000_hourly.nc,86938,96432,0.9015472042475526,25367,26304,0.9643780413625304,24520,26304,0.9321776155717761,1.68,10,,,,4.984254,1.28837279091108,0.0488612342012586,58.4185,1.565802,0.32326996,55.27092
test,01480015,"RED CLAY CREEK NEAR STANTON, DE",DE,02,39.71575,-75.639944,135.8757,timeseries,Data/CAMELSH/timeseries/01480015.nc,Hourly2/01480015_hourly.nc,82626,96432,0.8568317570930811,23568,26304,0.8959854014598541,23544,26304,0.8950729927007299,9.05,10,,,,4.88124,1.28837279091108,0.0488612342012586,58.32933,1.60168,0.3095255,55.00843
test,01480300,"West Branch Brandywine Creek near Honey Brook, PA",PA,02,40.07287916,-75.86077441,47.6586,timeseries,Data/CAMELSH/timeseries/01480300.nc,Hourly2/01480300_hourly.nc,27590,96432,0.28610834577733535,26232,26304,0.9972627737226277,25152,26304,0.9562043795620438,2.29,10,,,,3.802474,1.26613065436231,0.0669691708997543,57.39657,1.842433,0.21335500410000002,52.34454
test,01480400,"Birch Run near Wagontown, PA",PA,02,40.027326,-75.844945,12.0384,timeseries,Data/CAMELSH/timeseries/01480400.nc,Hourly2/01480400_hourly.nc,28363,96432,0.29412435705989715,26201,26304,0.9960842457420924,26300,26304,0.9998479318734793,3.1,9,,,,4.336394,1.24045464826777,0.0619720502473989,59.90163,1.002919,0.5143540999999999,53.0
test,01480500,"West Branch Brandywine Creek at Coatesville, PA",PA,02,39.98566144,-75.82744675,119.376,timeseries,Data/CAMELSH/timeseries/01480500.nc,Hourly2/01480500_hourly.nc,91383,96432,0.9476418616226978,26134,26304,0.993537104622871,25606,26304,0.9734641119221411,1.73,10,,,,4.809815,1.24045464826777,0.0619720502473989,58.93131,1.387669,0.3335343409,52.86398
test,01480617,"West Branch Brandywine Creek at Modena, PA",PA,02,39.96177343,-75.80133411,143.4861,timeseries,Data/CAMELSH/timeseries/01480617.nc,Hourly2/01480617_hourly.nc,91748,96432,0.951426912228306,26179,26304,0.9952478710462287,25797,26304,0.9807253649635036,4.27,10,,,,5.318144,1.24045464826777,0.0619720502473989,59.38281,1.407405,0.33358420780000003,53.07157
test,01480638,"Broad Run at Northbrook, PA",PA,02,39.930386,-75.68466,16.5213,timeseries,Data/CAMELSH/timeseries/01480638.nc,Hourly2/01480638_hourly.nc,28215,96432,0.2925895968143355,25843,26304,0.9824741484184915,25800,26304,0.9808394160583942,4.18,10,,,,6.641863,1.24237641667949,0.0538225613132755,58.045,1.572,0.367053413,55.07888
test,01480675,"Marsh Creek near Glenmoore, PA",PA,02,40.09787927,-75.74159878,22.1463,timeseries,Data/CAMELSH/timeseries/01480675.nc,Hourly2/01480675_hourly.nc,90156,96432,0.9349178695868592,26176,26304,0.9951338199513382,24538,26304,0.9328619221411192,2.0,9,,,,5.119349,1.20772907907378,0.0595752811044398,58.045,1.572,0.387247489,51.98252
test,01480685,"Marsh Creek near Downingtown, PA",PA,02,40.05538195,-75.71632459,52.0632,timeseries,Data/CAMELSH/timeseries/01480685.nc,Hourly2/01480685_hourly.nc,96260,96432,0.9982163597146175,26160,26304,0.9945255474452555,26232,26304,0.9972627737226277,0.02,10,,,,5.379111,1.20772907907378,0.0595752811044398,58.045,1.572,0.34965778000000003,52.76307
test,01480700,"East Branch Brandywine Creek near Downingtown, PA",PA,02,40.03482757,-75.70854881,155.2095,timeseries,Data/CAMELSH/timeseries/01480700.nc,Hourly2/01480700_hourly.nc,93567,96432,0.9702899452463912,26298,26304,0.999771897810219,24833,26304,0.9440769464720195,0.88,10,,,,5.337674,1.20772907907378,0.0595752811044398,57.88903,1.635047,0.36904123,52.61533
test,01480870,"East Branch Brandywine Creek below Downingtown, PA",PA,02,39.96871912,-75.67327152,232.1622,timeseries,Data/CAMELSH/timeseries/01480870.nc,Hourly2/01480870_hourly.nc,92923,96432,0.9636116641778663,26155,26304,0.9943354622871047,25005,26304,0.9506158759124088,2.76,10,,,,5.546978,1.20772907907378,0.0595752811044398,58.69601,1.638912,0.360585814,53.18793
test,01481000,"Brandywine Creek at Chadds Ford, PA",PA,02,39.8698328,-75.59326233,755.1738,timeseries,Data/CAMELSH/timeseries/01481000.nc,Hourly2/01481000_hourly.nc,28279,96432,0.29325327692052433,26178,26304,0.9952098540145985,25151,26304,0.9561663625304136,0.89,9,,,,5.620246,1.23658083579627,0.0571533337658606,59.10228,1.520348,0.321088944,54.29694
test,01483200,"BLACKBIRD CREEK AT BLACKBIRD, DE",DE,02,39.36627778,-75.66938889,10.7901,timeseries,Data/CAMELSH/timeseries/01483200.nc,Hourly2/01483200_hourly.nc,93240,96432,0.9668989547038328,26160,26304,0.9945255474452555,25344,26304,0.9635036496350365,0.8,8,,,,0.45845,1.1798281167116,0.0242549805953249,59.0,6.2175,0.36049711700000003,51.99983
